id_speech,type,year,party,state
1,Ads,1952,dem,
2,Ads,1952,dem,
3,Ads,1952,dem,
4,Ads,1952,dem,
5,Ads,1952,dem,
6,Ads,1952,dem,
7,Ads,1952,dem,
8,Ads,1952,dem,
9,Ads,1952,dem,
10,Ads,1952,dem,
11,Ads,1952,dem,
12,Ads,1952,rep,
13,Ads,1952,rep,
14,Ads,1952,rep,
15,Ads,1952,rep,
16,Ads,1952,rep,
17,Ads,1952,rep,
18,Ads,1952,rep,
19,Ads,1952,rep,
20,Ads,1952,rep,
21,Ads,1952,rep,
22,Ads,1952,rep,
23,Ads,1952,rep,
24,Ads,1952,rep,
25,Ads,1952,rep,
26,Ads,1952,rep,
27,Ads,1952,rep,
28,Ads,1952,rep,
29,Ads,1952,rep,
30,Ads,1952,rep,
31,Ads,1952,rep,
32,Ads,1952,rep,
33,Ads,1952,rep,
34,Ads,1952,rep,
35,Ads,1952,rep,
36,Ads,1952,rep,
37,Ads,1952,rep,
38,Ads,1952,rep,
39,Ads,1952,rep,
40,Ads,1952,rep,
41,Ads,1952,rep,
42,Ads,1952,rep,
43,Ads,1952,rep,
44,Ads,1952,rep,
45,Ads,1956,dem,
46,Ads,1956,dem,
47,Ads,1956,dem,
48,Ads,1956,dem,
49,Ads,1956,dem,
50,Ads,1956,dem,
51,Ads,1956,rep,
52,Ads,1956,rep,
53,Ads,1956,rep,
54,Ads,1956,rep,
55,Ads,1956,rep,
56,Ads,1960,dem,
57,Ads,1960,dem,
58,Ads,1960,dem,
59,Ads,1960,dem,
60,Ads,1960,dem,
61,Ads,1960,dem,
62,Ads,1960,dem,
63,Ads,1960,dem,
64,Ads,1960,dem,
65,Ads,1960,dem,
66,Ads,1960,dem,
67,Ads,1960,dem,
68,Ads,1960,dem,
69,Ads,1960,dem,
70,Ads,1960,dem,
71,Ads,1960,dem,
72,Ads,1960,dem,
73,Ads,1960,dem,
74,Ads,1960,dem,
75,Ads,1960,dem,
76,Ads,1960,dem,
77,Ads,1960,dem,
78,Ads,1960,dem,
79,Ads,1960,dem,
80,Ads,1960,dem,
81,Ads,1960,dem,
82,Ads,1960,dem,
83,Ads,1960,dem,
84,Ads,1960,dem,
85,Ads,1960,dem,
86,Ads,1960,dem,
87,Ads,1960,dem,
88,Ads,1960,dem,
89,Ads,1960,dem,
90,Ads,1960,dem,
91,Ads,1960,dem,
92,Ads,1960,dem,
93,Ads,1960,dem,
94,Ads,1960,dem,
95,Ads,1960,dem,
96,Ads,1960,dem,
97,Ads,1960,dem,
98,Ads,1960,dem,
99,Ads,1960,dem,
100,Ads,1960,dem,
101,Ads,1960,dem,
102,Ads,1960,dem,
103,Ads,1960,dem,
104,Ads,1960,dem,
105,Ads,1960,dem,
106,Ads,1960,dem,
107,Ads,1960,dem,
108,Ads,1960,dem,
109,Ads,1960,dem,
110,Ads,1960,dem,
111,Ads,1960,dem,
112,Ads,1960,dem,
113,Ads,1960,dem,
114,Ads,1960,dem,
115,Ads,1960,dem,
116,Ads,1960,dem,
117,Ads,1960,dem,
118,Ads,1960,dem,
119,Ads,1960,dem,
120,Ads,1960,dem,
121,Ads,1960,dem,
122,Ads,1960,dem,
123,Ads,1960,dem,
124,Ads,1960,dem,
125,Ads,1960,dem,
126,Ads,1960,dem,
127,Ads,1960,dem,
128,Ads,1960,dem,
129,Ads,1960,dem,
130,Ads,1960,dem,
131,Ads,1960,dem,
132,Ads,1960,dem,
133,Ads,1960,dem,
134,Ads,1960,dem,
135,Ads,1960,dem,
136,Ads,1960,dem,
137,Ads,1960,dem,
138,Ads,1960,dem,
139,Ads,1960,dem,
140,Ads,1960,dem,
141,Ads,1960,dem,
142,Ads,1960,dem,
143,Ads,1960,dem,
144,Ads,1960,dem,
145,Ads,1960,dem,
146,Ads,1960,dem,
147,Ads,1960,dem,
148,Ads,1960,dem,
149,Ads,1960,dem,
150,Ads,1960,dem,
151,Ads,1960,dem,
152,Ads,1960,dem,
153,Ads,1960,dem,
154,Ads,1960,rep,
155,Ads,1960,rep,
156,Ads,1960,rep,
157,Ads,1960,rep,
158,Ads,1960,rep,
159,Ads,1960,rep,
160,Ads,1960,rep,
161,Ads,1960,rep,
162,Ads,1960,rep,
163,Ads,1960,rep,
164,Ads,1960,rep,
165,Ads,1960,rep,
166,Ads,1960,rep,
167,Ads,1960,rep,
168,Ads,1960,rep,
169,Ads,1960,rep,
170,Ads,1960,rep,
171,Ads,1960,rep,
172,Ads,1960,rep,
173,Ads,1960,rep,
174,Ads,1960,rep,
175,Ads,1960,rep,
176,Ads,1960,rep,
177,Ads,1964,dem,
178,Ads,1964,dem,
179,Ads,1964,dem,
180,Ads,1964,dem,
181,Ads,1964,dem,
182,Ads,1964,dem,
183,Ads,1964,dem,
184,Ads,1964,dem,
185,Ads,1964,dem,
186,Ads,1964,dem,
187,Ads,1964,dem,
188,Ads,1964,dem,
189,Ads,1964,dem,
190,Ads,1964,dem,
191,Ads,1964,dem,
192,Ads,1964,dem,
193,Ads,1964,dem,
194,Ads,1964,dem,
195,Ads,1964,dem,
196,Ads,1964,dem,
197,Ads,1964,dem,
198,Ads,1964,dem,
199,Ads,1964,dem,
200,Ads,1964,dem,
201,Ads,1964,dem,
202,Ads,1964,dem,
203,Ads,1964,dem,
204,Ads,1968,dem,
205,Ads,1968,dem,
206,Ads,1968,dem,
207,Ads,1968,dem,
208,Ads,1968,dem,
209,Ads,1968,dem,
210,Ads,1968,dem,
211,Ads,1968,dem,
212,Ads,1968,dem,
213,Ads,1968,dem,
214,Ads,1968,dem,
215,Ads,1968,dem,
216,Ads,1968,dem,
217,Ads,1968,dem,
218,Ads,1968,dem,
219,Ads,1968,dem,
220,Ads,1968,dem,
221,Ads,1968,dem,
222,Ads,1968,dem,
223,Ads,1968,dem,
224,Ads,1968,dem,
225,Ads,1968,dem,
226,Ads,1968,dem,
227,Ads,1968,dem,
228,Ads,1968,dem,
229,Ads,1968,dem,
230,Ads,1968,dem,
231,Ads,1968,dem,
232,Ads,1968,dem,
233,Ads,1968,dem,
234,Ads,1968,dem,
235,Ads,1968,rep,
236,Ads,1968,rep,
237,Ads,1968,rep,
238,Ads,1968,rep,
239,Ads,1968,rep,
240,Ads,1968,rep,
241,Ads,1968,rep,
242,Ads,1968,rep,
243,Ads,1968,rep,
244,Ads,1968,rep,
245,Ads,1968,rep,
246,Ads,1968,rep,
247,Ads,1968,rep,
248,Ads,1968,rep,
249,Ads,1968,rep,
250,Ads,1968,rep,
251,Ads,1968,rep,
252,Ads,1968,rep,
253,Ads,1968,rep,
254,Ads,1968,rep,
255,Ads,1968,rep,
256,Ads,1968,rep,
257,Ads,1968,rep,
258,Ads,1968,rep,
259,Ads,1968,rep,
260,Ads,1968,rep,
261,Ads,1968,rep,
262,Ads,1972,dem,
263,Ads,1972,dem,
264,Ads,1972,dem,
265,Ads,1972,dem,
266,Ads,1972,dem,
267,Ads,1972,dem,
268,Ads,1972,dem,
269,Ads,1972,dem,
270,Ads,1972,dem,
271,Ads,1972,dem,
272,Ads,1972,dem,
273,Ads,1972,dem,
274,Ads,1972,dem,
275,Ads,1972,dem,
276,Ads,1972,dem,
277,Ads,1972,dem,
278,Ads,1972,dem,
279,Ads,1972,dem,
280,Ads,1972,dem,
281,Ads,1972,dem,
282,Ads,1972,dem,
283,Ads,1972,dem,
284,Ads,1972,dem,
285,Ads,1972,dem,
286,Ads,1972,dem,
287,Ads,1972,dem,
288,Ads,1972,dem,
289,Ads,1972,dem,
290,Ads,1972,dem,
291,Ads,1972,dem,
292,Ads,1972,dem,
293,Ads,1972,dem,
294,Ads,1972,dem,
295,Ads,1972,dem,
296,Ads,1972,dem,
297,Ads,1972,dem,
298,Ads,1972,rep,
299,Ads,1972,rep,
300,Ads,1972,rep,
301,Ads,1972,rep,
302,Ads,1972,rep,
303,Ads,1972,rep,
304,Ads,1972,rep,
305,Ads,1972,rep,
306,Ads,1972,rep,
307,Ads,1972,rep,
308,Ads,1972,rep,
309,Ads,1972,rep,
310,Ads,1972,rep,
311,Ads,1972,rep,
312,Ads,1976,dem,
313,Ads,1976,dem,
314,Ads,1976,dem,
315,Ads,1976,dem,
316,Ads,1976,dem,
317,Ads,1976,dem,
318,Ads,1976,dem,
319,Ads,1976,dem,
320,Ads,1976,dem,
321,Ads,1976,dem,
322,Ads,1976,dem,
323,Ads,1976,dem,
324,Ads,1976,dem,
325,Ads,1976,dem,
326,Ads,1976,dem,
327,Ads,1976,dem,
328,Ads,1976,dem,
329,Ads,1976,dem,
330,Ads,1976,dem,
331,Ads,1976,dem,
332,Ads,1976,dem,
333,Ads,1976,dem,
334,Ads,1976,dem,
335,Ads,1976,dem,
336,Ads,1976,dem,
337,Ads,1976,dem,
338,Ads,1976,rep,
339,Ads,1976,rep,
340,Ads,1976,rep,
341,Ads,1976,rep,
342,Ads,1976,rep,
343,Ads,1976,rep,
344,Ads,1976,rep,
345,Ads,1976,rep,
346,Ads,1976,rep,
347,Ads,1976,rep,
348,Ads,1976,rep,
349,Ads,1976,rep,
350,Ads,1976,rep,
351,Ads,1976,rep,
352,Ads,1976,rep,
353,Ads,1976,rep,
354,Ads,1976,rep,
355,Ads,1976,rep,
356,Ads,1976,rep,
357,Ads,1976,rep,
358,Ads,1976,rep,
359,Ads,1976,rep,
360,Ads,1976,rep,
361,Ads,1976,rep,
362,Ads,1976,rep,
363,Ads,1976,rep,
364,Ads,1976,rep,
365,Ads,1976,rep,
366,Ads,1976,rep,
367,Ads,1976,rep,
368,Ads,1976,rep,
369,Ads,1976,rep,
370,Ads,1976,rep,
371,Ads,1976,rep,
372,Ads,1976,rep,
373,Ads,1976,rep,
374,Ads,1976,rep,
375,Ads,1976,rep,
376,Ads,1976,rep,
377,Ads,1976,rep,
378,Ads,1976,rep,
379,Ads,1976,rep,
380,Ads,1976,rep,
381,Ads,1976,rep,
382,Ads,1976,rep,
383,Ads,1976,rep,
384,Ads,1976,rep,
385,Ads,1976,rep,
386,Ads,1976,rep,
387,Ads,1976,rep,
388,Ads,1976,rep,
389,Ads,1976,rep,
390,Ads,1976,rep,
391,Ads,1976,rep,
392,Ads,1976,rep,
393,Ads,1976,rep,
394,Ads,1976,rep,
395,Ads,1976,rep,
396,Ads,1976,rep,
397,Ads,1976,rep,
398,Ads,1976,rep,
399,Ads,1976,rep,
400,Ads,1976,rep,
401,Ads,1976,rep,
402,Ads,1976,rep,
403,Ads,1976,rep,
404,Ads,1976,rep,
405,Ads,1976,rep,
406,Ads,1976,rep,
407,Ads,1976,rep,
408,Ads,1976,rep,
409,Ads,1976,rep,
410,Ads,1976,rep,
411,Ads,1976,rep,
412,Ads,1976,rep,
413,Ads,1980,dem,
414,Ads,1980,dem,
415,Ads,1980,dem,
416,Ads,1980,dem,
417,Ads,1980,dem,
418,Ads,1980,dem,
419,Ads,1980,dem,
420,Ads,1980,dem,
421,Ads,1980,dem,
422,Ads,1980,dem,
423,Ads,1980,dem,
424,Ads,1980,dem,
425,Ads,1980,dem,
426,Ads,1980,dem,
427,Ads,1980,dem,
428,Ads,1980,dem,
429,Ads,1980,dem,
430,Ads,1980,dem,
431,Ads,1980,dem,
432,Ads,1980,dem,
433,Ads,1980,dem,
434,Ads,1980,dem,
435,Ads,1980,dem,
436,Ads,1980,dem,
437,Ads,1980,dem,
438,Ads,1980,dem,
439,Ads,1980,dem,
440,Ads,1980,dem,
441,Ads,1980,dem,
442,Ads,1980,dem,
443,Ads,1980,dem,
444,Ads,1980,dem,
445,Ads,1980,dem,
446,Ads,1980,dem,
447,Ads,1980,dem,
448,Ads,1980,dem,
449,Ads,1980,dem,
450,Ads,1980,dem,
451,Ads,1980,dem,
452,Ads,1980,dem,
453,Ads,1980,dem,
454,Ads,1980,dem,
455,Ads,1980,dem,
456,Ads,1980,dem,
457,Ads,1980,dem,
458,Ads,1980,dem,
459,Ads,1980,dem,
460,Ads,1980,dem,
461,Ads,1980,dem,
462,Ads,1980,dem,
463,Ads,1980,dem,
464,Ads,1980,dem,
465,Ads,1980,dem,
466,Ads,1980,dem,
467,Ads,1980,dem,
468,Ads,1980,dem,
469,Ads,1980,dem,
470,Ads,1980,dem,
471,Ads,1980,dem,
472,Ads,1980,dem,
473,Ads,1980,dem,
474,Ads,1980,dem,
475,Ads,1980,dem,
476,Ads,1980,dem,
477,Ads,1980,dem,
478,Ads,1980,dem,
479,Ads,1980,dem,
480,Ads,1980,dem,
481,Ads,1980,dem,
482,Ads,1980,dem,
483,Ads,1980,dem,
484,Ads,1980,dem,
485,Ads,1980,dem,
486,Ads,1980,dem,
487,Ads,1980,dem,
488,Ads,1980,dem,
489,Ads,1980,dem,
490,Ads,1980,dem,
491,Ads,1980,dem,
492,Ads,1980,dem,
493,Ads,1980,dem,
494,Ads,1980,dem,
495,Ads,1980,dem,
496,Ads,1980,dem,
497,Ads,1980,dem,
498,Ads,1980,dem,
499,Ads,1980,dem,
500,Ads,1980,dem,
501,Ads,1980,dem,
502,Ads,1980,rep,
503,Ads,1980,rep,
504,Ads,1980,rep,
505,Ads,1980,rep,
506,Ads,1980,rep,
507,Ads,1980,rep,
508,Ads,1980,rep,
509,Ads,1980,rep,
510,Ads,1980,rep,
511,Ads,1980,rep,
512,Ads,1980,rep,
513,Ads,1980,rep,
514,Ads,1980,rep,
515,Ads,1980,rep,
516,Ads,1980,rep,
517,Ads,1980,rep,
518,Ads,1980,rep,
519,Ads,1984,dem,
520,Ads,1984,dem,
521,Ads,1984,dem,
522,Ads,1984,dem,
523,Ads,1984,dem,
524,Ads,1984,dem,
525,Ads,1984,dem,
526,Ads,1984,dem,
527,Ads,1984,dem,
528,Ads,1984,dem,
529,Ads,1984,dem,
530,Ads,1984,dem,
531,Ads,1984,dem,
532,Ads,1984,dem,
533,Ads,1984,dem,
534,Ads,1984,dem,
535,Ads,1984,dem,
536,Ads,1984,dem,
537,Ads,1984,dem,
538,Ads,1984,dem,
539,Ads,1984,dem,
540,Ads,1984,dem,
541,Ads,1984,dem,
542,Ads,1984,dem,
543,Ads,1984,dem,
544,Ads,1984,dem,
545,Ads,1984,dem,
546,Ads,1984,dem,
547,Ads,1984,dem,
548,Ads,1984,dem,
549,Ads,1984,dem,
550,Ads,1984,dem,
551,Ads,1984,dem,
552,Ads,1984,dem,
553,Ads,1984,dem,
554,Ads,1984,dem,
555,Ads,1984,dem,
556,Ads,1984,dem,
557,Ads,1984,dem,
558,Ads,1984,dem,
559,Ads,1984,dem,
560,Ads,1984,dem,
561,Ads,1984,dem,
562,Ads,1984,dem,
563,Ads,1984,dem,
564,Ads,1984,dem,
565,Ads,1984,dem,
566,Ads,1984,dem,
567,Ads,1984,dem,
568,Ads,1984,dem,
569,Ads,1984,dem,
570,Ads,1984,dem,
571,Ads,1984,dem,
572,Ads,1984,dem,
573,Ads,1984,dem,
574,Ads,1984,dem,
575,Ads,1984,dem,
576,Ads,1984,dem,
577,Ads,1984,dem,
578,Ads,1984,dem,
579,Ads,1984,rep,
580,Ads,1984,rep,
581,Ads,1984,rep,
582,Ads,1984,rep,
583,Ads,1984,rep,
584,Ads,1984,rep,
585,Ads,1984,rep,
586,Ads,1984,rep,
587,Ads,1984,rep,
588,Ads,1984,rep,
589,Ads,1984,rep,
590,Ads,1984,rep,
591,Ads,1984,rep,
592,Ads,1984,rep,
593,Ads,1984,rep,
594,Ads,1984,rep,
595,Ads,1984,rep,
596,Ads,1984,rep,
597,Ads,1984,rep,
598,Ads,1984,rep,
599,Ads,1984,rep,
600,Ads,1984,rep,
601,Ads,1984,rep,
602,Ads,1984,rep,
603,Ads,1984,rep,
604,Ads,1984,rep,
605,Ads,1984,rep,
606,Ads,1984,rep,
607,Ads,1984,rep,
608,Ads,1984,rep,
609,Ads,1984,rep,
610,Ads,1984,rep,
611,Ads,1984,rep,
612,Ads,1984,rep,
613,Ads,1984,rep,
614,Ads,1984,rep,
615,Ads,1984,rep,
616,Ads,1984,rep,
617,Ads,1984,rep,
618,Ads,1984,rep,
619,Ads,1984,rep,
620,Ads,1984,rep,
621,Ads,1984,rep,
622,Ads,1984,rep,
623,Ads,1984,rep,
624,Ads,1984,rep,
625,Ads,1984,rep,
626,Ads,1988,dem,
627,Ads,1988,dem,
628,Ads,1988,dem,
629,Ads,1988,dem,
630,Ads,1988,dem,
631,Ads,1988,dem,
632,Ads,1988,dem,
633,Ads,1988,dem,
634,Ads,1988,dem,
635,Ads,1988,dem,
636,Ads,1988,dem,
637,Ads,1988,dem,
638,Ads,1988,dem,
639,Ads,1988,dem,
640,Ads,1988,dem,
641,Ads,1988,dem,
642,Ads,1988,dem,
643,Ads,1988,dem,
644,Ads,1988,dem,
645,Ads,1988,dem,
646,Ads,1988,dem,
647,Ads,1988,dem,
648,Ads,1988,dem,
649,Ads,1988,dem,
650,Ads,1988,dem,
651,Ads,1988,dem,
652,Ads,1988,dem,
653,Ads,1988,dem,
654,Ads,1988,dem,
655,Ads,1988,dem,
656,Ads,1988,dem,
657,Ads,1988,dem,
658,Ads,1988,dem,
659,Ads,1988,dem,
660,Ads,1988,dem,
661,Ads,1988,dem,
662,Ads,1988,dem,
663,Ads,1988,dem,
664,Ads,1988,dem,
665,Ads,1988,dem,
666,Ads,1988,dem,
667,Ads,1988,dem,
668,Ads,1988,dem,
669,Ads,1988,dem,
670,Ads,1988,dem,
671,Ads,1988,dem,
672,Ads,1988,rep,
673,Ads,1988,rep,
674,Ads,1988,rep,
675,Ads,1988,rep,
676,Ads,1988,rep,
677,Ads,1988,rep,
678,Ads,1988,rep,
679,Ads,1988,rep,
680,Ads,1988,rep,
681,Ads,1988,rep,
682,Ads,1988,rep,
683,Ads,1988,rep,
684,Ads,1988,rep,
685,Ads,1988,rep,
686,Ads,1988,rep,
687,Ads,1988,rep,
688,Ads,1988,rep,
689,Ads,1988,rep,
690,Ads,1988,rep,
691,Ads,1988,rep,
692,Ads,1988,rep,
693,Ads,1988,rep,
694,Ads,1988,rep,
695,Ads,1988,rep,
696,Ads,1988,rep,
697,Ads,1988,rep,
698,Ads,1988,rep,
699,Ads,1988,rep,
700,Ads,1988,rep,
701,Ads,1988,rep,
702,Ads,1988,rep,
703,Ads,1988,rep,
704,Ads,1988,rep,
705,Ads,1988,rep,
706,Ads,1988,rep,
707,Ads,1988,rep,
708,Ads,1988,rep,
709,Ads,1988,rep,
710,Ads,1988,rep,
711,Ads,1988,rep,
712,Ads,1988,rep,
713,Ads,1988,rep,
714,Ads,1988,rep,
715,Ads,1988,rep,
716,Ads,1988,rep,
717,Ads,1988,rep,
718,Ads,1988,rep,
719,Ads,1988,rep,
720,Ads,1988,rep,
721,Ads,1988,rep,
722,Ads,1988,rep,
723,Ads,1988,rep,
724,Ads,1988,rep,
725,Ads,1988,rep,
726,Ads,1992,dem,
727,Ads,1992,dem,
728,Ads,1992,dem,
729,Ads,1992,dem,
730,Ads,1992,dem,
731,Ads,1992,dem,
732,Ads,1992,dem,
733,Ads,1992,dem,
734,Ads,1992,dem,
735,Ads,1992,dem,
736,Ads,1992,dem,
737,Ads,1992,dem,
738,Ads,1992,dem,
739,Ads,1992,dem,
740,Ads,1992,dem,
741,Ads,1992,dem,
742,Ads,1992,dem,
743,Ads,1992,dem,
744,Ads,1992,dem,
745,Ads,1992,dem,
746,Ads,1992,dem,
747,Ads,1992,dem,
748,Ads,1992,dem,
749,Ads,1992,dem,
750,Ads,1992,dem,
751,Ads,1992,dem,
752,Ads,1992,dem,
753,Ads,1992,dem,
754,Ads,1992,dem,
755,Ads,1992,dem,
756,Ads,1992,dem,
757,Ads,1992,dem,
758,Ads,1992,rep,
759,Ads,1992,rep,
760,Ads,1992,rep,
761,Ads,1992,rep,
762,Ads,1992,rep,
763,Ads,1992,rep,
764,Ads,1992,rep,
765,Ads,1992,rep,
766,Ads,1992,rep,
767,Ads,1992,rep,
768,Ads,1992,rep,
769,Ads,1992,rep,
770,Ads,1992,rep,
771,Ads,1992,rep,
772,Ads,1992,rep,
773,Ads,1992,rep,
774,Ads,1992,rep,
775,Ads,1992,rep,
776,Ads,1992,rep,
777,Ads,1992,rep,
778,Ads,1992,rep,
779,Ads,1992,rep,
780,Ads,1996,dem,
781,Ads,1996,dem,
782,Ads,1996,dem,
783,Ads,1996,dem,
784,Ads,1996,dem,
785,Ads,1996,dem,
786,Ads,1996,dem,
787,Ads,1996,dem,
788,Ads,1996,dem,
789,Ads,1996,dem,
790,Ads,1996,dem,
791,Ads,1996,dem,
792,Ads,1996,dem,
793,Ads,1996,dem,
794,Ads,1996,dem,
795,Ads,1996,dem,
796,Ads,1996,dem,
797,Ads,1996,dem,
798,Ads,1996,dem,
799,Ads,1996,dem,
800,Ads,1996,dem,
801,Ads,1996,dem,
802,Ads,1996,dem,
803,Ads,1996,dem,
804,Ads,1996,dem,
805,Ads,1996,dem,
806,Ads,1996,dem,
807,Ads,1996,dem,
808,Ads,1996,dem,
809,Ads,1996,dem,
810,Ads,1996,dem,
811,Ads,1996,dem,
812,Ads,1996,dem,
813,Ads,1996,dem,
814,Ads,1996,dem,
815,Ads,1996,dem,
816,Ads,1996,dem,
817,Ads,1996,dem,
818,Ads,1996,dem,
819,Ads,1996,dem,
820,Ads,1996,dem,
821,Ads,1996,dem,
822,Ads,1996,dem,
823,Ads,1996,dem,
824,Ads,1996,dem,
825,Ads,1996,dem,
826,Ads,1996,dem,
827,Ads,1996,dem,
828,Ads,1996,dem,
829,Ads,1996,dem,
830,Ads,1996,dem,
831,Ads,1996,dem,
832,Ads,1996,dem,
833,Ads,1996,dem,
834,Ads,1996,dem,
835,Ads,1996,dem,
836,Ads,1996,dem,
837,Ads,1996,dem,
838,Ads,1996,dem,
839,Ads,1996,dem,
840,Ads,1996,dem,
841,Ads,1996,rep,
842,Ads,1996,rep,
843,Ads,1996,rep,
844,Ads,1996,rep,
845,Ads,1996,rep,
846,Ads,1996,rep,
847,Ads,1996,rep,
848,Ads,1996,rep,
849,Ads,1996,rep,
850,Ads,1996,rep,
851,Ads,1996,rep,
852,Ads,1996,rep,
853,Ads,1996,rep,
854,Ads,1996,rep,
855,Ads,1996,rep,
856,Ads,1996,rep,
857,Ads,1996,rep,
858,Ads,1996,rep,
859,Ads,1996,rep,
860,Ads,1996,rep,
861,Ads,1996,rep,
862,Ads,1996,rep,
863,Ads,1996,rep,
864,Ads,1996,rep,
865,Ads,1996,rep,
866,Ads,1996,rep,
867,Ads,1996,rep,
868,Ads,1996,rep,
869,Ads,1996,rep,
870,Ads,1996,rep,
871,Ads,1996,rep,
872,Ads,1996,rep,
873,Ads,1996,rep,
874,Debates,1960,,
875,Debates,1960,,
876,Debates,1960,,
877,Debates,1960,,
878,Debates,1976,,
879,Debates,1976,,
880,Debates,1976,,
881,Debates,1976,,
882,Debates,1980,,
883,Debates,1980,,
884,Debates,1984,,
885,Debates,1984,,
886,Debates,1984,,
887,Debates,1988,,
888,Debates,1988,,
889,Debates,1988,,
890,Debates,1992,,
891,Debates,1992,,
892,Debates,1992,,
893,Debates,1992,,
894,Debates,1996,,
895,Debates,1996,,
896,Debates,1996,,
897,Speeches,1952,dem,IL
898,Speeches,1952,dem,IL
899,Speeches,1952,dem,IL
900,Speeches,1952,dem,NY
901,Speeches,1952,dem,NY
902,Speeches,1952,dem,NY
903,Speeches,1952,dem,MI
904,Speeches,1952,dem,MI
905,Speeches,1952,dem,MI
906,Speeches,1952,dem,MI
907,Speeches,1952,dem,CO
908,Speeches,1952,dem,CO
909,Speeches,1952,dem,IL
910,Speeches,1952,dem,MN
911,Speeches,1952,dem,WY
912,Speeches,1952,dem,CA
913,Speeches,1952,dem,CA
914,Speeches,1952,dem,OR
915,Speeches,1952,dem,WA
916,Speeches,1952,dem,CA
917,Speeches,1952,dem,CA
918,Speeches,1952,dem,CA
919,Speeches,1952,dem,CA
920,Speeches,1952,dem,CA
921,Speeches,1952,dem,CA
922,Speeches,1952,dem,CA
923,Speeches,1952,dem,NH
924,Speeches,1952,dem,CA
925,Speeches,1952,dem,CA
926,Speeches,1952,dem,CA
927,Speeches,1952,dem,AZ
928,Speeches,1952,dem,NM
929,Speeches,1952,dem,AZ
930,Speeches,1952,dem,CT
931,Speeches,1952,dem,CT
932,Speeches,1952,dem,CT
933,Speeches,1952,dem,CT
934,Speeches,1952,dem,CT
935,Speeches,1952,dem,CT
936,Speeches,1952,dem,CT
937,Speeches,1952,dem,CT
938,Speeches,1952,dem,CT
939,Speeches,1952,dem,MA
940,Speeches,1952,dem,CT
941,Speeches,1952,dem,VA
942,Speeches,1952,dem,VA
943,Speeches,1952,dem,VA
944,Speeches,1952,dem,NY
945,Speeches,1952,dem,MD
946,Speeches,1952,dem,IN
947,Speeches,1952,dem,IN
948,Speeches,1952,dem,KY
949,Speeches,1952,dem,KY
950,Speeches,1952,dem,IL
951,Speeches,1952,dem,OH
952,Speeches,1952,dem,OH
953,Speeches,1952,dem,KY
954,Speeches,1952,dem,KY
955,Speeches,1952,dem,IA
956,Speeches,1952,dem,MN
957,Speeches,1952,dem,MN
958,Speeches,1952,dem,MI
959,Speeches,1952,dem,MI
960,Speeches,1952,dem,MI
961,Speeches,1952,dem,MI
962,Speeches,1952,dem,MI
963,Speeches,1952,dem,WI
964,Speeches,1952,dem,WI
965,Speeches,1952,dem,WI
966,Speeches,1952,dem,MO
967,Speeches,1952,dem,MO
968,Speeches,1952,dem,MO
969,Speeches,1952,dem,MO
970,Speeches,1952,dem,IL
971,Speeches,1952,dem,IL
972,Speeches,1952,dem,IL
973,Speeches,1952,dem,WI
974,Speeches,1952,dem,LA
975,Speeches,1952,dem,OK
976,Speeches,1952,dem,OK
977,Speeches,1952,dem,FL
978,Speeches,1952,dem,TN
979,Speeches,1952,dem,UT
980,Speeches,1952,dem,WY
981,Speeches,1952,dem,WA
982,Speeches,1952,dem,OR
983,Speeches,1952,dem,CA
984,Speeches,1952,dem,CA
985,Speeches,1952,dem,CA
986,Speeches,1952,dem,CA
987,Speeches,1952,dem,CA
988,Speeches,1952,dem,CA
989,Speeches,1952,dem,CA
990,Speeches,1952,dem,CA
991,Speeches,1952,dem,TX
992,Speeches,1952,dem,CA
993,Speeches,1952,dem,TX
994,Speeches,1952,dem,TX
995,Speeches,1952,dem,TX
996,Speeches,1952,dem,IL
997,Speeches,1952,dem,IL
998,Speeches,1952,dem,TX
999,Speeches,1952,dem,NY
1000,Speeches,1952,dem,IL
1001,Speeches,1952,dem,IL
1002,Speeches,1952,dem,IL
1003,Speeches,1952,dem,IL
1004,Speeches,1952,dem,IN
1005,Speeches,1952,dem,OH
1006,Speeches,1952,dem,OH
1007,Speeches,1952,dem,OH
1008,Speeches,1952,dem,NY
1009,Speeches,1952,dem,OH
1010,Speeches,1952,dem,OH
1011,Speeches,1952,dem,OH
1012,Speeches,1952,dem,OH
1013,Speeches,1952,dem,OH
1014,Speeches,1952,dem,PA
1015,Speeches,1952,dem,NY
1016,Speeches,1952,dem,NY
1017,Speeches,1952,dem,IL
1018,Speeches,1952,dem,NY
1019,Speeches,1952,dem,NY
1020,Speeches,1952,dem,NY
1021,Speeches,1952,dem,NY
1022,Speeches,1952,dem,NY
1023,Speeches,1952,dem,NY
1024,Speeches,1952,dem,NY
1025,Speeches,1952,dem,NY
1026,Speeches,1952,dem,NY
1027,Speeches,1952,dem,NY
1028,Speeches,1952,dem,NY
1029,Speeches,1952,dem,NY
1030,Speeches,1952,dem,NY
1031,Speeches,1952,dem,NY
1032,Speeches,1952,dem,MA
1033,Speeches,1952,dem,MA
1034,Speeches,1952,dem,MA
1035,Speeches,1952,dem,MA
1036,Speeches,1952,dem,MA
1037,Speeches,1952,dem,MA
1038,Speeches,1952,dem,MA
1039,Speeches,1952,dem,MA
1040,Speeches,1952,dem,MA
1041,Speeches,1952,dem,CT
1042,Speeches,1952,dem,CT
1043,Speeches,1952,dem,CT
1044,Speeches,1952,dem,CT
1045,Speeches,1952,dem,RI
1046,Speeches,1952,dem,CT
1047,Speeches,1952,dem,MA
1048,Speeches,1952,dem,NY
1049,Speeches,1952,dem,NY
1050,Speeches,1952,dem,NY
1051,Speeches,1952,dem,NY
1052,Speeches,1952,dem,NJ
1053,Speeches,1952,dem,NJ
1054,Speeches,1952,dem,NJ
1055,Speeches,1952,dem,NJ
1056,Speeches,1952,dem,NY
1057,Speeches,1952,dem,PA
1058,Speeches,1952,dem,PA
1059,Speeches,1952,dem,NJ
1060,Speeches,1952,dem,PA
1061,Speeches,1952,dem,PA
1062,Speeches,1952,dem,PA
1063,Speeches,1952,dem,PA
1064,Speeches,1952,dem,NY
1065,Speeches,1952,dem,PA
1066,Speeches,1952,dem,PA
1067,Speeches,1952,dem,PA
1068,Speeches,1952,dem,PA
1069,Speeches,1952,dem,PA
1070,Speeches,1952,dem,PA
1071,Speeches,1952,dem,PA
1072,Speeches,1952,dem,PA
1073,Speeches,1952,dem,PA
1074,Speeches,1952,dem,NY
1075,Speeches,1952,dem,NY
1076,Speeches,1952,dem,OH
1077,Speeches,1952,dem,OH
1078,Speeches,1952,dem,OH
1079,Speeches,1952,dem,OH
1080,Speeches,1952,dem,OH
1081,Speeches,1952,dem,OH
1082,Speeches,1952,dem,IN
1083,Speeches,1952,dem,IN
1084,Speeches,1952,dem,IL
1085,Speeches,1952,dem,IL
1086,Speeches,1952,dem,IL
1087,Speeches,1952,dem,IL
1088,Speeches,1952,rep,IL
1089,Speeches,1952,rep,NY
1090,Speeches,1952,rep,FL
1091,Speeches,1952,rep,FL
1092,Speeches,1952,rep,GA
1093,Speeches,1952,rep,FL
1094,Speeches,1952,rep,AL
1095,Speeches,1952,rep,AK
1096,Speeches,1952,rep,PA
1097,Speeches,1952,rep,PA
1098,Speeches,1952,rep,PA
1099,Speeches,1952,rep,PA
1100,Speeches,1952,rep,PA
1101,Speeches,1952,rep,PA
1102,Speeches,1952,rep,IL
1103,Speeches,1952,rep,
1104,Speeches,1952,rep,MN
1105,Speeches,1952,rep,MN
1106,Speeches,1952,rep,IN
1107,Speeches,1952,rep,IN
1108,Speeches,1952,rep,
1109,Speeches,1952,rep,NY
1110,Speeches,1952,rep,IL
1111,Speeches,1952,rep,IL
1112,Speeches,1952,rep,IL
1113,Speeches,1952,rep,IL
1114,Speeches,1952,rep,IL
1115,Speeches,1952,rep,
1116,Speeches,1952,rep,
1117,Speeches,1952,rep,IN
1118,Speeches,1952,rep,
1119,Speeches,1952,rep,IN
1120,Speeches,1952,rep,IN
1121,Speeches,1952,rep,IN
1122,Speeches,1952,rep,MN
1123,Speeches,1952,rep,MN
1124,Speeches,1952,rep,MN
1125,Speeches,1952,rep,MN
1126,Speeches,1952,rep,MN
1127,Speeches,1952,rep,NY
1128,Speeches,1952,rep,IL
1129,Speeches,1952,rep,IA
1130,Speeches,1952,rep,IA
1131,Speeches,1952,rep,IA
1132,Speeches,1952,rep,IA
1133,Speeches,1952,rep,IA
1134,Speeches,1952,rep,IA
1135,Speeches,1952,rep,IA
1136,Speeches,1952,rep,IA
1137,Speeches,1952,rep,IA
1138,Speeches,1952,rep,IA
1139,Speeches,1952,rep,NE
1140,Speeches,1952,rep,NE
1141,Speeches,1952,rep,NE
1142,Speeches,1952,rep,NE
1143,Speeches,1952,rep,NE
1144,Speeches,1952,rep,MO
1145,Speeches,1952,rep,MO
1146,Speeches,1952,rep,MO
1147,Speeches,1952,rep,MO
1148,Speeches,1952,rep,MO
1149,Speeches,1952,rep,MO
1150,Speeches,1952,rep,MO
1151,Speeches,1952,rep,MO
1152,Speeches,1952,rep,IN
1153,Speeches,1952,rep,
1154,Speeches,1952,rep,KY
1155,Speeches,1952,rep,KY
1156,Speeches,1952,rep,OH
1157,Speeches,1952,rep,OH
1158,Speeches,1952,rep,OH
1159,Speeches,1952,rep,OH
1160,Speeches,1952,rep,OH
1161,Speeches,1952,rep,OH
1162,Speeches,1952,rep,OH
1163,Speeches,1952,rep,OH
1164,Speeches,1952,rep,OH
1165,Speeches,1952,rep,WV
1166,Speeches,1952,rep,WV
1167,Speeches,1952,rep,WV
1168,Speeches,1952,rep,WV
1169,Speeches,1952,rep,WV
1170,Speeches,1952,rep,MD
1171,Speeches,1952,rep,MD
1172,Speeches,1952,rep,MD
1173,Speeches,1952,rep,MD
1174,Speeches,1952,rep,MD
1175,Speeches,1952,rep,MD
1176,Speeches,1952,rep,VA
1177,Speeches,1952,rep,VA
1178,Speeches,1952,rep,SC
1179,Speeches,1952,rep,MI
1180,Speeches,1952,rep,MI
1181,Speeches,1952,rep,MI
1182,Speeches,1952,rep,MI
1183,Speeches,1952,rep,MI
1184,Speeches,1952,rep,MI
1185,Speeches,1952,rep,IL
1186,Speeches,1952,rep,IL
1187,Speeches,1952,rep,IL
1188,Speeches,1952,rep,IL
1189,Speeches,1952,rep,IL
1190,Speeches,1952,rep,WI
1191,Speeches,1952,rep,WI
1192,Speeches,1952,rep,WI
1193,Speeches,1952,rep,WI
1194,Speeches,1952,rep,WI
1195,Speeches,1952,rep,MN
1196,Speeches,1952,rep,MN
1197,Speeches,1952,rep,ND
1198,Speeches,1952,rep,ND
1199,Speeches,1952,rep,ND
1200,Speeches,1952,rep,SD
1201,Speeches,1952,rep,MT
1202,Speeches,1952,rep,MT
1203,Speeches,1952,rep,MT
1204,Speeches,1952,rep,MT
1205,Speeches,1952,rep,MT
1206,Speeches,1952,rep,WA
1207,Speeches,1952,rep,WA
1208,Speeches,1952,rep,WA
1209,Speeches,1952,rep,WA
1210,Speeches,1952,rep,WA
1211,Speeches,1952,rep,WA
1212,Speeches,1952,rep,WA
1213,Speeches,1952,rep,WA
1214,Speeches,1952,rep,OR
1215,Speeches,1952,rep,OR
1216,Speeches,1952,rep,OR
1217,Speeches,1952,rep,OR
1218,Speeches,1952,rep,CA
1219,Speeches,1952,rep,CA
1220,Speeches,1952,rep,CA
1221,Speeches,1952,rep,CA
1222,Speeches,1952,rep,CA
1223,Speeches,1952,rep,CA
1224,Speeches,1952,rep,WA
1225,Speeches,1952,rep,CA
1226,Speeches,1952,rep,CA
1227,Speeches,1952,rep,CA
1228,Speeches,1952,rep,AZ
1229,Speeches,1952,rep,AZ
1230,Speeches,1952,rep,NM
1231,Speeches,1952,rep,UT
1232,Speeches,1952,rep,LA
1233,Speeches,1952,rep,OK
1234,Speeches,1952,rep,WY
1235,Speeches,1952,rep,WY
1236,Speeches,1952,rep,TX
1237,Speeches,1952,rep,TX
1238,Speeches,1952,rep,TX
1239,Speeches,1952,rep,TX
1240,Speeches,1952,rep,TX
1241,Speeches,1952,rep,TX
1242,Speeches,1952,rep,TN
1243,Speeches,1952,rep,TN
1244,Speeches,1952,rep,LA
1245,Speeches,1952,rep,NJ
1246,Speeches,1952,rep,NJ
1247,Speeches,1952,rep,NY
1248,Speeches,1952,rep,NJ
1249,Speeches,1952,rep,NJ
1250,Speeches,1952,rep,NJ
1251,Speeches,1952,rep,DE
1252,Speeches,1952,rep,NJ
1253,Speeches,1952,rep,NJ
1254,Speeches,1952,rep,CT
1255,Speeches,1952,rep,CT
1256,Speeches,1952,rep,CT
1257,Speeches,1952,rep,CT
1258,Speeches,1952,rep,CT
1259,Speeches,1952,rep,MA
1260,Speeches,1952,rep,MA
1261,Speeches,1952,rep,MA
1262,Speeches,1952,rep,MA
1263,Speeches,1952,rep,MA
1264,Speeches,1952,rep,RI
1265,Speeches,1952,rep,CT
1266,Speeches,1952,rep,MA
1267,Speeches,1952,rep,MA
1268,Speeches,1952,rep,NH
1269,Speeches,1952,rep,MA
1270,Speeches,1952,rep,NY
1271,Speeches,1952,rep,NH
1272,Speeches,1952,rep,CT
1273,Speeches,1952,rep,CT
1274,Speeches,1952,rep,MA
1275,Speeches,1952,rep,NY
1276,Speeches,1952,rep,NY
1277,Speeches,1952,rep,MA
1278,Speeches,1952,rep,NY
1279,Speeches,1952,rep,NY
1280,Speeches,1952,rep,NY
1281,Speeches,1952,rep,NY
1282,Speeches,1952,rep,NY
1283,Speeches,1952,rep,NY
1284,Speeches,1952,rep,NY
1285,Speeches,1952,rep,NY
1286,Speeches,1952,rep,MI
1287,Speeches,1952,rep,MI
1288,Speeches,1952,rep,MI
1289,Speeches,1952,rep,NY
1290,Speeches,1952,rep,NY
1291,Speeches,1952,rep,PA
1292,Speeches,1952,rep,PA
1293,Speeches,1952,rep,PA
1294,Speeches,1952,rep,PA
1295,Speeches,1952,rep,PA
1296,Speeches,1952,rep,NY
1297,Speeches,1952,rep,NY
1298,Speeches,1952,rep,NY
1299,Speeches,1952,rep,NY
1300,Speeches,1952,rep,
1301,Speeches,1952,rep,NY
1302,Speeches,1952,rep,NY
1303,Speeches,1952,rep,NY
1304,Speeches,1952,rep,NY
1305,Speeches,1952,rep,NY
1306,Speeches,1952,rep,NY
1307,Speeches,1952,rep,NY
1308,Speeches,1952,rep,NY
1309,Speeches,1952,rep,NY
1310,Speeches,1952,rep,NY
1311,Speeches,1952,rep,IL
1312,Speeches,1952,rep,IL
1313,Speeches,1952,rep,IL
1314,Speeches,1952,rep,IL
1315,Speeches,1952,rep,NY
1316,Speeches,1952,rep,MA
1317,Speeches,1952,rep,MA
1318,Speeches,1956,dem,IL
1319,Speeches,1956,dem,MI
1320,Speeches,1956,dem,MI
1321,Speeches,1956,dem,MI
1322,Speeches,1956,dem,MI
1323,Speeches,1956,dem,CA
1324,Speeches,1956,dem,CA
1325,Speeches,1956,dem,OH
1326,Speeches,1956,dem,IL
1327,Speeches,1956,dem,NJ
1328,Speeches,1956,dem,NY
1329,Speeches,1956,dem,CT
1330,Speeches,1956,dem,NY
1331,Speeches,1956,dem,NY
1332,Speeches,1956,dem,PA
1333,Speeches,1956,dem,PA
1334,Speeches,1956,dem,
1335,Speeches,1956,dem,MD
1336,Speeches,1956,dem,IA
1337,Speeches,1956,dem,CO
1338,Speeches,1956,dem,OK
1339,Speeches,1956,dem,OK
1340,Speeches,1956,dem,OK
1341,Speeches,1956,dem,OK
1342,Speeches,1956,dem,LA
1343,Speeches,1956,dem,AR
1344,Speeches,1956,dem,FL
1345,Speeches,1956,dem,MO
1346,Speeches,1956,dem,FL
1347,Speeches,1956,dem,MO
1348,Speeches,1956,dem,WI
1349,Speeches,1956,dem,IN
1350,Speeches,1956,dem,NY
1351,Speeches,1956,dem,NJ
1352,Speeches,1956,dem,NJ
1353,Speeches,1956,dem,PA
1354,Speeches,1956,dem,PA
1355,Speeches,1956,dem,PA
1356,Speeches,1956,dem,PA
1357,Speeches,1956,dem,WV
1358,Speeches,1956,dem,NY
1359,Speeches,1956,dem,CT
1360,Speeches,1956,dem,RI
1361,Speeches,1956,dem,MA
1362,Speeches,1956,dem,WA
1363,Speeches,1956,dem,MT
1364,Speeches,1956,dem,OR
1365,Speeches,1956,dem,CA
1366,Speeches,1956,dem,CA
1367,Speeches,1956,dem,MI
1368,Speeches,1956,dem,MI
1369,Speeches,1956,dem,OH
1370,Speeches,1956,dem,OH
1371,Speeches,1956,dem,KY
1372,Speeches,1956,dem,OH
1373,Speeches,1956,dem,KY
1374,Speeches,1956,dem,NY
1375,Speeches,1956,dem,NY
1376,Speeches,1956,dem,
1377,Speeches,1956,dem,IL
1378,Speeches,1956,dem,IL
1379,Speeches,1956,dem,NM
1380,Speeches,1956,dem,CA
1381,Speeches,1956,dem,MA
1382,Speeches,1956,dem,PA
1383,Speeches,1956,dem,MD
1384,Speeches,1956,dem,NY
1385,Speeches,1956,dem,NY
1386,Speeches,1956,dem,NY
1387,Speeches,1956,dem,OH
1388,Speeches,1956,dem,MI
1389,Speeches,1956,dem,IL
1390,Speeches,1956,dem,MN
1391,Speeches,1956,dem,MA
1392,Speeches,1956,dem,IL
1393,Speeches,1956,rep,CA
1394,Speeches,1956,rep,
1395,Speeches,1956,rep,
1396,Speeches,1956,rep,PA
1397,Speeches,1956,rep,
1398,Speeches,1956,rep,NY
1399,Speeches,1956,rep,IA
1400,Speeches,1956,rep,IA
1401,Speeches,1956,rep,IL
1402,Speeches,1956,rep,
1403,Speeches,1956,rep,
1404,Speeches,1956,rep,OH
1405,Speeches,1956,rep,OH
1406,Speeches,1956,rep,KY
1407,Speeches,1956,rep,KY
1408,Speeches,1956,rep,
1409,Speeches,1956,rep,PA
1410,Speeches,1956,rep,PA
1411,Speeches,1956,rep,
1412,Speeches,1956,rep,
1413,Speeches,1956,rep,AZ
1414,Speeches,1956,rep,
1415,Speeches,1956,rep,MN
1416,Speeches,1956,rep,MN
1417,Speeches,1956,rep,MN
1418,Speeches,1956,rep,WA
1419,Speeches,1956,rep,WA
1420,Speeches,1956,rep,OR
1421,Speeches,1956,rep,OR
1422,Speeches,1956,rep,OR
1423,Speeches,1956,rep,CA
1424,Speeches,1956,rep,CA
1425,Speeches,1956,rep,CO
1426,Speeches,1956,rep,
1427,Speeches,1956,rep,NY
1428,Speeches,1956,rep,FL
1429,Speeches,1956,rep,FL
1430,Speeches,1956,rep,VA
1431,Speeches,1956,rep,
1432,Speeches,1956,rep,PA
1433,Speeches,1956,rep,
1434,Speeches,1956,rep,MA
1435,Speeches,1956,rep,
1436,Speeches,1960,dem,CA
1437,Speeches,1960,dem,ME
1438,Speeches,1960,dem,ME
1439,Speeches,1960,dem,ME
1440,Speeches,1960,dem,AK
1441,Speeches,1960,dem,AK
1442,Speeches,1960,dem,CA
1443,Speeches,1960,dem,AK
1444,Speeches,1960,dem,MI
1445,Speeches,1960,dem,MI
1446,Speeches,1960,dem,MI
1447,Speeches,1960,dem,MI
1448,Speeches,1960,dem,MI
1449,Speeches,1960,dem,MI
1450,Speeches,1960,dem,ID
1451,Speeches,1960,dem,WA
1452,Speeches,1960,dem,WA
1453,Speeches,1960,dem,OR
1454,Speeches,1960,dem,OR
1455,Speeches,1960,dem,OR
1456,Speeches,1960,dem,OR
1457,Speeches,1960,dem,CA
1458,Speeches,1960,dem,CA
1459,Speeches,1960,dem,CA
1460,Speeches,1960,dem,CA
1461,Speeches,1960,dem,CA
1462,Speeches,1960,dem,CA
1463,Speeches,1960,dem,CA
1464,Speeches,1960,dem,CA
1465,Speeches,1960,dem,CA
1466,Speeches,1960,dem,CA
1467,Speeches,1960,dem,CA
1468,Speeches,1960,dem,CA
1469,Speeches,1960,dem,CA
1470,Speeches,1960,dem,CA
1471,Speeches,1960,dem,CA
1472,Speeches,1960,dem,CA
1473,Speeches,1960,dem,CA
1474,Speeches,1960,dem,CA
1475,Speeches,1960,dem,CA
1476,Speeches,1960,dem,CA
1477,Speeches,1960,dem,TX
1478,Speeches,1960,dem,TX
1479,Speeches,1960,dem,TX
1480,Speeches,1960,dem,TX
1481,Speeches,1960,dem,TX
1482,Speeches,1960,dem,TX
1483,Speeches,1960,dem,TX
1484,Speeches,1960,dem,TX
1485,Speeches,1960,dem,NY
1486,Speeches,1960,dem,NY
1487,Speeches,1960,dem,MO
1488,Speeches,1960,dem,NY
1489,Speeches,1960,dem,NY
1490,Speeches,1960,dem,PA
1491,Speeches,1960,dem,NJ
1492,Speeches,1960,dem,NJ
1493,Speeches,1960,dem,NJ
1494,Speeches,1960,dem,NJ
1495,Speeches,1960,dem,NJ
1496,Speeches,1960,dem,NJ
1497,Speeches,1960,dem,NJ
1498,Speeches,1960,dem,MD
1499,Speeches,1960,dem,PA
1500,Speeches,1960,dem,PA
1501,Speeches,1960,dem,PA
1502,Speeches,1960,dem,PA
1503,Speeches,1960,dem,MD
1504,Speeches,1960,dem,NC
1505,Speeches,1960,dem,NC
1506,Speeches,1960,dem,NC
1507,Speeches,1960,dem,NC
1508,Speeches,1960,dem,NC
1509,Speeches,1960,dem,NJ
1510,Speeches,1960,dem,WV
1511,Speeches,1960,dem,NJ
1512,Speeches,1960,dem,WV
1513,Speeches,1960,dem,
1514,Speeches,1960,dem,TN
1515,Speeches,1960,dem,TN
1516,Speeches,1960,dem,TN
1517,Speeches,1960,dem,TN
1518,Speeches,1960,dem,TN
1519,Speeches,1960,dem,IA
1520,Speeches,1960,dem,SD
1521,Speeches,1960,dem,MT
1522,Speeches,1960,dem,IA
1523,Speeches,1960,dem,IA
1524,Speeches,1960,dem,IA
1525,Speeches,1960,dem,SD
1526,Speeches,1960,dem,ND
1527,Speeches,1960,dem,UT
1528,Speeches,1960,dem,WY
1529,Speeches,1960,dem,CO
1530,Speeches,1960,dem,CO
1531,Speeches,1960,dem,UT
1532,Speeches,1960,dem,OH
1533,Speeches,1960,dem,OH
1534,Speeches,1960,dem,IL
1535,Speeches,1960,dem,OH
1536,Speeches,1960,dem,OH
1537,Speeches,1960,dem,OH
1538,Speeches,1960,dem,OH
1539,Speeches,1960,dem,OH
1540,Speeches,1960,dem,OH
1541,Speeches,1960,dem,PA
1542,Speeches,1960,dem,NY
1543,Speeches,1960,dem,PA
1544,Speeches,1960,dem,PA
1545,Speeches,1960,dem,NY
1546,Speeches,1960,dem,NY
1547,Speeches,1960,dem,NY
1548,Speeches,1960,dem,NY
1549,Speeches,1960,dem,NY
1550,Speeches,1960,dem,NY
1551,Speeches,1960,dem,NY
1552,Speeches,1960,dem,NY
1553,Speeches,1960,dem,NY
1554,Speeches,1960,dem,NY
1555,Speeches,1960,dem,IL
1556,Speeches,1960,dem,IL
1557,Speeches,1960,dem,IL
1558,Speeches,1960,dem,MN
1559,Speeches,1960,dem,MO
1560,Speeches,1960,dem,MN
1561,Speeches,1960,dem,MN
1562,Speeches,1960,dem,MN
1563,Speeches,1960,dem,MN
1564,Speeches,1960,dem,MN
1565,Speeches,1960,dem,IL
1566,Speeches,1960,dem,IL
1567,Speeches,1960,dem,IL
1568,Speeches,1960,dem,IL
1569,Speeches,1960,dem,IL
1570,Speeches,1960,dem,IL
1571,Speeches,1960,dem,IL
1572,Speeches,1960,dem,IL
1573,Speeches,1960,dem,IL
1574,Speeches,1960,dem,IL
1575,Speeches,1960,dem,IL
1576,Speeches,1960,dem,IL
1577,Speeches,1960,dem,IL
1578,Speeches,1960,dem,IL
1579,Speeches,1960,dem,IN
1580,Speeches,1960,dem,IN
1581,Speeches,1960,dem,IN
1582,Speeches,1960,dem,IN
1583,Speeches,1960,dem,IN
1584,Speeches,1960,dem,
1585,Speeches,1960,dem,
1586,Speeches,1960,dem,KY
1587,Speeches,1960,dem,
1588,Speeches,1960,dem,OH
1589,Speeches,1960,dem,
1590,Speeches,1960,dem,
1591,Speeches,1960,dem,KY
1592,Speeches,1960,dem,KY
1593,Speeches,1960,dem,KY
1594,Speeches,1960,dem,OH
1595,Speeches,1960,dem,OH
1596,Speeches,1960,dem,OH
1597,Speeches,1960,dem,OH
1598,Speeches,1960,dem,GA
1599,Speeches,1960,dem,SC
1600,Speeches,1960,dem,PA
1601,Speeches,1960,dem,PA
1602,Speeches,1960,dem,GA
1603,Speeches,1960,dem,NY
1604,Speeches,1960,dem,NY
1605,Speeches,1960,dem,NY
1606,Speeches,1960,dem,NY
1607,Speeches,1960,dem,NY
1608,Speeches,1960,dem,MI
1609,Speeches,1960,dem,MI
1610,Speeches,1960,dem,MI
1611,Speeches,1960,dem,MI
1612,Speeches,1960,dem,MI
1613,Speeches,1960,dem,PA
1614,Speeches,1960,dem,PA
1615,Speeches,1960,dem,PA
1616,Speeches,1960,dem,PA
1617,Speeches,1960,dem,PA
1618,Speeches,1960,dem,PA
1619,Speeches,1960,dem,MD
1620,Speeches,1960,dem,NJ
1621,Speeches,1960,dem,DE
1622,Speeches,1960,dem,MD
1623,Speeches,1960,dem,OH
1624,Speeches,1960,dem,OH
1625,Speeches,1960,dem,OH
1626,Speeches,1960,dem,OH
1627,Speeches,1960,dem,
1628,Speeches,1960,dem,OH
1629,Speeches,1960,dem,OH
1630,Speeches,1960,dem,FL
1631,Speeches,1960,dem,FL
1632,Speeches,1960,dem,FL
1633,Speeches,1960,dem,FL
1634,Speeches,1960,dem,FL
1635,Speeches,1960,dem,NY
1636,Speeches,1960,dem,NY
1637,Speeches,1960,dem,NY
1638,Speeches,1960,dem,
1639,Speeches,1960,dem,
1640,Speeches,1960,dem,
1641,Speeches,1960,dem,NY
1642,Speeches,1960,dem,NY
1643,Speeches,1960,dem,MO
1644,Speeches,1960,dem,MO
1645,Speeches,1960,dem,MO
1646,Speeches,1960,dem,MO
1647,Speeches,1960,dem,MO
1648,Speeches,1960,dem,KS
1649,Speeches,1960,dem,KS
1650,Speeches,1960,dem,MO
1651,Speeches,1960,dem,WI
1652,Speeches,1960,dem,WI
1653,Speeches,1960,dem,WI
1654,Speeches,1960,dem,WI
1655,Speeches,1960,dem,IL
1656,Speeches,1960,dem,IL
1657,Speeches,1960,dem,IL
1658,Speeches,1960,dem,IL
1659,Speeches,1960,dem,IL
1660,Speeches,1960,dem,IL
1661,Speeches,1960,dem,IL
1662,Speeches,1960,dem,IL
1663,Speeches,1960,dem,IL
1664,Speeches,1960,dem,IL
1665,Speeches,1960,dem,IL
1666,Speeches,1960,dem,IL
1667,Speeches,1960,dem,IL
1668,Speeches,1960,dem,IL
1669,Speeches,1960,dem,MI
1670,Speeches,1960,dem,MI
1671,Speeches,1960,dem,MI
1672,Speeches,1960,dem,MI
1673,Speeches,1960,dem,MI
1674,Speeches,1960,dem,NY
1675,Speeches,1960,dem,NY
1676,Speeches,1960,dem,NY
1677,Speeches,1960,dem,NY
1678,Speeches,1960,dem,NY
1679,Speeches,1960,dem,NY
1680,Speeches,1960,dem,NY
1681,Speeches,1960,dem,NY
1682,Speeches,1960,dem,PA
1683,Speeches,1960,dem,PA
1684,Speeches,1960,dem,PA
1685,Speeches,1960,dem,PA
1686,Speeches,1960,dem,PA
1687,Speeches,1960,dem,PA
1688,Speeches,1960,dem,PA
1689,Speeches,1960,dem,PA
1690,Speeches,1960,dem,PA
1691,Speeches,1960,dem,PA
1692,Speeches,1960,dem,PA
1693,Speeches,1960,dem,PA
1694,Speeches,1960,dem,PA
1695,Speeches,1960,dem,PA
1696,Speeches,1960,dem,PA
1697,Speeches,1960,dem,PA
1698,Speeches,1960,dem,PA
1699,Speeches,1960,dem,PA
1700,Speeches,1960,dem,PA
1701,Speeches,1960,dem,PA
1702,Speeches,1960,dem,PA
1703,Speeches,1960,dem,PA
1704,Speeches,1960,dem,CA
1705,Speeches,1960,dem,CA
1706,Speeches,1960,dem,CA
1707,Speeches,1960,dem,CA
1708,Speeches,1960,dem,CA
1709,Speeches,1960,dem,CA
1710,Speeches,1960,dem,CA
1711,Speeches,1960,dem,CA
1712,Speeches,1960,dem,CA
1713,Speeches,1960,dem,CA
1714,Speeches,1960,dem,OK
1715,Speeches,1960,dem,AZ
1716,Speeches,1960,dem,AZ
1717,Speeches,1960,dem,AZ
1718,Speeches,1960,dem,NM
1719,Speeches,1960,dem,TX
1720,Speeches,1960,dem,TX
1721,Speeches,1960,dem,IL
1722,Speeches,1960,dem,VA
1723,Speeches,1960,dem,OH
1724,Speeches,1960,dem,NY
1725,Speeches,1960,dem,NY
1726,Speeches,1960,dem,NY
1727,Speeches,1960,dem,NY
1728,Speeches,1960,dem,NY
1729,Speeches,1960,dem,NY
1730,Speeches,1960,dem,NY
1731,Speeches,1960,dem,NY
1732,Speeches,1960,dem,NY
1733,Speeches,1960,dem,NY
1734,Speeches,1960,dem,NY
1735,Speeches,1960,dem,CT
1736,Speeches,1960,dem,CT
1737,Speeches,1960,dem,CT
1738,Speeches,1960,dem,NJ
1739,Speeches,1960,dem,NJ
1740,Speeches,1960,dem,ME
1741,Speeches,1960,dem,MA
1742,Speeches,1960,dem,MA
1743,Speeches,1960,dem,RI
1744,Speeches,1960,dem,RI
1745,Speeches,1960,dem,MA
1746,Speeches,1960,dem,CT
1747,Speeches,1960,dem,NH
1748,Speeches,1960,rep,IL
1749,Speeches,1960,rep,TX
1750,Speeches,1960,rep,WA
1751,Speeches,1960,rep,ID
1752,Speeches,1960,rep,ND
1753,Speeches,1960,rep,MO
1754,Speeches,1960,rep,NJ
1755,Speeches,1960,rep,IA
1756,Speeches,1960,rep,IA
1757,Speeches,1960,rep,NE
1758,Speeches,1960,rep,IA
1759,Speeches,1960,rep,IA
1760,Speeches,1960,rep,IA
1761,Speeches,1960,rep,IA
1762,Speeches,1960,rep,
1763,Speeches,1960,rep,MI
1764,Speeches,1960,rep,MO
1765,Speeches,1960,rep,IN
1766,Speeches,1960,rep,MO
1767,Speeches,1960,rep,IL
1768,Speeches,1960,rep,SD
1769,Speeches,1960,rep,KS
1770,Speeches,1960,rep,WI
1771,Speeches,1960,rep,KS
1772,Speeches,1960,rep,MS
1773,Speeches,1960,rep,IL
1774,Speeches,1960,rep,WV
1775,Speeches,1960,rep,TN
1776,Speeches,1960,rep,AR
1777,Speeches,1960,rep,NY
1778,Speeches,1960,rep,NY
1779,Speeches,1960,rep,NY
1780,Speeches,1960,rep,MA
1781,Speeches,1960,rep,MA
1782,Speeches,1960,rep,OH
1783,Speeches,1960,rep,
1784,Speeches,1960,rep,
1785,Speeches,1960,rep,NC
1786,Speeches,1960,rep,NJ
1787,Speeches,1960,rep,NJ
1788,Speeches,1960,rep,NJ
1789,Speeches,1960,rep,NY
1790,Speeches,1960,rep,PA
1791,Speeches,1960,rep,NY
1792,Speeches,1960,rep,NY
1793,Speeches,1960,rep,OH
1794,Speeches,1960,rep,UT
1795,Speeches,1960,rep,NM
1796,Speeches,1960,rep,CA
1797,Speeches,1960,rep,CA
1798,Speeches,1960,rep,CA
1799,Speeches,1960,rep,AZ
1800,Speeches,1960,rep,CT
1801,Speeches,1960,rep,CT
1802,Speeches,1960,rep,CT
1803,Speeches,1960,rep,CT
1804,Speeches,1960,rep,NY
1805,Speeches,1960,rep,FL
1806,Speeches,1960,rep,FL
1807,Speeches,1960,rep,FL
1808,Speeches,1960,rep,NY
1809,Speeches,1960,rep,NY
1810,Speeches,1960,rep,PA
1811,Speeches,1960,rep,PA
1812,Speeches,1960,rep,PA
1813,Speeches,1960,rep,PA
1814,Speeches,1960,rep,PA
1815,Speeches,1960,rep,PA
1816,Speeches,1960,rep,PA
1817,Speeches,1960,rep,PA
1818,Speeches,1960,rep,OH
1819,Speeches,1960,rep,WV
1820,Speeches,1960,rep,OH
1821,Speeches,1960,rep,OH
1822,Speeches,1960,rep,OH
1823,Speeches,1960,rep,OH
1824,Speeches,1960,rep,OH
1825,Speeches,1960,rep,OH
1826,Speeches,1960,rep,OH
1827,Speeches,1960,rep,OH
1828,Speeches,1960,rep,OH
1829,Speeches,1960,rep,OH
1830,Speeches,1960,rep,OH
1831,Speeches,1960,rep,OH
1832,Speeches,1960,rep,MI
1833,Speeches,1960,rep,MI
1834,Speeches,1960,rep,MI
1835,Speeches,1960,rep,MI
1836,Speeches,1960,rep,MI
1837,Speeches,1960,rep,MI
1838,Speeches,1960,rep,MI
1839,Speeches,1960,rep,IA
1840,Speeches,1960,rep,IL
1841,Speeches,1960,rep,IL
1842,Speeches,1960,rep,IL
1843,Speeches,1960,rep,IL
1844,Speeches,1960,rep,IL
1845,Speeches,1960,rep,IL
1846,Speeches,1960,rep,IL
1847,Speeches,1960,rep,IL
1848,Speeches,1960,rep,IL
1849,Speeches,1960,rep,IL
1850,Speeches,1960,rep,IL
1851,Speeches,1960,rep,IL
1852,Speeches,1960,rep,IL
1853,Speeches,1960,rep,IL
1854,Speeches,1960,rep,IL
1855,Speeches,1960,rep,NJ
1856,Speeches,1960,rep,NY
1857,Speeches,1960,rep,NY
1858,Speeches,1960,rep,PA
1859,Speeches,1960,rep,PA
1860,Speeches,1960,rep,NY
1861,Speeches,1960,rep,NY
1862,Speeches,1960,rep,NY
1863,Speeches,1960,rep,NY
1864,Speeches,1960,rep,NY
1865,Speeches,1960,rep,NY
1866,Speeches,1960,rep,NY
1867,Speeches,1960,rep,SC
1868,Speeches,1960,rep,TX
1869,Speeches,1960,rep,TX
1870,Speeches,1960,rep,TX
1871,Speeches,1960,rep,CA
1872,Speeches,1960,rep,TX
1873,Speeches,1960,rep,WY
1874,Speeches,1960,rep,WA
1875,Speeches,1960,rep,CA
1876,Speeches,1960,rep,CA
1877,Speeches,1960,rep,CA
1878,Speeches,1960,rep,CA
1879,Speeches,1960,rep,AK
1880,Speeches,1960,rep,CA
1881,Speeches,1960,rep,IL
1882,Speeches,1960,rep,WI
1883,Speeches,1960,rep,MI
1884,Speeches,1964,dem,NJ
1885,Speeches,1964,dem,
1886,Speeches,1964,dem,
1887,Speeches,1964,dem,
1888,Speeches,1964,dem,
1889,Speeches,1964,dem,
1890,Speeches,1964,dem,MI
1891,Speeches,1964,dem,PA
1892,Speeches,1964,dem,
1893,Speeches,1964,dem,FL
1894,Speeches,1964,dem,FL
1895,Speeches,1964,dem,WA
1896,Speeches,1964,dem,OR
1897,Speeches,1964,dem,CA
1898,Speeches,1964,dem,WV
1899,Speeches,1964,dem,
1900,Speeches,1964,dem,NJ
1901,Speeches,1964,dem,
1902,Speeches,1964,dem,TX
1903,Speeches,1964,dem,OK
1904,Speeches,1964,dem,OK
1905,Speeches,1964,dem,TX
1906,Speeches,1964,dem,RI
1907,Speeches,1964,dem,CT
1908,Speeches,1964,dem,CT
1909,Speeches,1964,dem,VT
1910,Speeches,1964,dem,MD
1911,Speeches,1964,dem,NH
1912,Speeches,1964,dem,
1913,Speeches,1964,dem,MD
1914,Speeches,1964,dem,
1915,Speeches,1964,dem,
1916,Speeches,1964,dem,VA
1917,Speeches,1964,dem,
1918,Speeches,1964,dem,
1919,Speeches,1964,dem,NC
1920,Speeches,1964,dem,IA
1921,Speeches,1964,dem,IL
1922,Speeches,1964,dem,IL
1923,Speeches,1964,dem,IL
1924,Speeches,1964,dem,
1925,Speeches,1964,dem,IN
1926,Speeches,1964,dem,IN
1927,Speeches,1964,dem,OH
1928,Speeches,1964,dem,KY
1929,Speeches,1964,dem,KY
1930,Speeches,1964,dem,TN
1931,Speeches,1964,dem,LA
1932,Speeches,1964,dem,LA
1933,Speeches,1964,dem,AZ
1934,Speeches,1964,dem,CA
1935,Speeches,1964,dem,CA
1936,Speeches,1964,dem,NV
1937,Speeches,1964,dem,NV
1938,Speeches,1964,dem,MT
1939,Speeches,1964,dem,WY
1940,Speeches,1964,dem,CO
1941,Speeches,1964,dem,ID
1942,Speeches,1964,dem,NJ
1943,Speeches,1964,dem,PA
1944,Speeches,1964,dem,NY
1945,Speeches,1964,dem,NY
1946,Speeches,1964,dem,NY
1947,Speeches,1964,dem,NY
1948,Speeches,1964,dem,NY
1949,Speeches,1964,dem,NY
1950,Speeches,1964,dem,KY
1951,Speeches,1964,dem,OH
1952,Speeches,1964,dem,OH
1953,Speeches,1964,dem,
1954,Speeches,1964,dem,
1955,Speeches,1964,dem,OH
1956,Speeches,1964,dem,IL
1957,Speeches,1964,dem,MO
1958,Speeches,1964,dem,TN
1959,Speeches,1964,dem,TN
1960,Speeches,1964,dem,MD
1961,Speeches,1964,dem,MD
1962,Speeches,1964,dem,FL
1963,Speeches,1964,dem,FL
1964,Speeches,1964,dem,FL
1965,Speeches,1964,dem,FL
1966,Speeches,1964,dem,GA
1967,Speeches,1964,dem,GA
1968,Speeches,1964,dem,SC
1969,Speeches,1964,dem,
1970,Speeches,1964,dem,
1971,Speeches,1964,dem,MA
1972,Speeches,1964,dem,PA
1973,Speeches,1964,dem,IN
1974,Speeches,1964,dem,NM
1975,Speeches,1964,dem,CA
1976,Speeches,1964,dem,CA
1977,Speeches,1964,dem,CA
1978,Speeches,1964,dem,CA
1979,Speeches,1964,dem,UT
1980,Speeches,1964,dem,
1981,Speeches,1964,dem,KS
1982,Speeches,1964,dem,PA
1983,Speeches,1964,dem,MI
1984,Speeches,1964,dem,WI
1985,Speeches,1964,dem,IL
1986,Speeches,1964,dem,IL
1987,Speeches,1964,dem,DE
1988,Speeches,1964,dem,DE
1989,Speeches,1964,dem,NY
1990,Speeches,1964,dem,TX
1991,Speeches,1964,dem,TX
1992,Speeches,1964,dem,TX
1993,Speeches,1964,dem,TX
1994,Speeches,1964,dem,
1995,Speeches,1968,dem,IL
1996,Speeches,1968,dem,
1997,Speeches,1968,dem,NY
1998,Speeches,1968,dem,PA
1999,Speeches,1968,dem,PA
2000,Speeches,1968,dem,PA
2001,Speeches,1968,dem,CO
2002,Speeches,1968,dem,CO
2003,Speeches,1968,dem,TX
2004,Speeches,1968,dem,TX
2005,Speeches,1968,dem,TX
2006,Speeches,1968,dem,CA
2007,Speeches,1968,dem,TX
2008,Speeches,1968,dem,MI
2009,Speeches,1968,dem,LA
2010,Speeches,1968,dem,DE
2011,Speeches,1968,dem,PA
2012,Speeches,1968,dem,PA
2013,Speeches,1968,dem,PA
2014,Speeches,1968,dem,NY
2015,Speeches,1968,dem,NY
2016,Speeches,1968,dem,NY
2017,Speeches,1968,dem,OH
2018,Speeches,1968,dem,SD
2019,Speeches,1968,dem,MA
2020,Speeches,1968,dem,SD
2021,Speeches,1968,dem,SD
2022,Speeches,1968,dem,IL
2023,Speeches,1968,dem,KY
2024,Speeches,1968,dem,OH
2025,Speeches,1968,dem,OH
2026,Speeches,1968,dem,OH
2027,Speeches,1968,dem,OH
2028,Speeches,1968,dem,OH
2029,Speeches,1968,dem,OH
2030,Speeches,1968,dem,OH
2031,Speeches,1968,dem,OH
2032,Speeches,1968,dem,MN
2033,Speeches,1968,dem,CA
2034,Speeches,1968,dem,CA
2035,Speeches,1968,dem,CA
2036,Speeches,1968,dem,OR
2037,Speeches,1968,dem,OR
2038,Speeches,1968,dem,OR
2039,Speeches,1968,dem,WA
2040,Speeches,1968,dem,WA
2041,Speeches,1968,dem,WA
2042,Speeches,1968,dem,UT
2043,Speeches,1968,dem,UT
2044,Speeches,1968,dem,TN
2045,Speeches,1968,dem,TN
2046,Speeches,1968,dem,FL
2047,Speeches,1968,dem,NC
2048,Speeches,1968,dem,NC
2049,Speeches,1968,dem,PA
2050,Speeches,1968,dem,PA
2051,Speeches,1968,dem,NY
2052,Speeches,1968,dem,NY
2053,Speeches,1968,dem,NY
2054,Speeches,1968,dem,MA
2055,Speeches,1968,dem,NY
2056,Speeches,1968,dem,NY
2057,Speeches,1968,dem,NY
2058,Speeches,1968,dem,NY
2059,Speeches,1968,dem,OH
2060,Speeches,1968,dem,
2061,Speeches,1968,dem,IN
2062,Speeches,1968,dem,MO
2063,Speeches,1968,dem,MO
2064,Speeches,1968,dem,MO
2065,Speeches,1968,dem,MO
2066,Speeches,1968,dem,MO
2067,Speeches,1968,dem,MO
2068,Speeches,1968,dem,MO
2069,Speeches,1968,dem,MO
2070,Speeches,1968,dem,MO
2071,Speeches,1968,dem,MO
2072,Speeches,1968,dem,NY
2073,Speeches,1968,dem,MI
2074,Speeches,1968,dem,MI
2075,Speeches,1968,dem,MI
2076,Speeches,1968,dem,MI
2077,Speeches,1968,dem,MI
2078,Speeches,1968,dem,CT
2079,Speeches,1968,dem,CT
2080,Speeches,1968,dem,CT
2081,Speeches,1968,dem,CT
2082,Speeches,1968,dem,NY
2083,Speeches,1968,dem,MD
2084,Speeches,1968,dem,MO
2085,Speeches,1968,dem,IL
2086,Speeches,1968,dem,
2087,Speeches,1968,dem,NY
2088,Speeches,1968,dem,NY
2089,Speeches,1968,dem,NY
2090,Speeches,1968,dem,NY
2091,Speeches,1968,dem,NY
2092,Speeches,1968,dem,NY
2093,Speeches,1968,dem,TX
2094,Speeches,1968,dem,TX
2095,Speeches,1968,dem,TX
2096,Speeches,1968,dem,TX
2097,Speeches,1968,dem,TX
2098,Speeches,1968,dem,TX
2099,Speeches,1968,dem,TX
2100,Speeches,1968,dem,TX
2101,Speeches,1968,dem,TX
2102,Speeches,1968,dem,CA
2103,Speeches,1968,dem,CA
2104,Speeches,1968,dem,CA
2105,Speeches,1968,dem,TX
2106,Speeches,1968,dem,CA
2107,Speeches,1968,dem,CA
2108,Speeches,1968,dem,CA
2109,Speeches,1968,dem,CA
2110,Speeches,1968,dem,CA
2111,Speeches,1968,dem,CA
2112,Speeches,1968,dem,CA
2113,Speeches,1968,dem,NV
2114,Speeches,1968,dem,NM
2115,Speeches,1968,dem,OH
2116,Speeches,1968,dem,OH
2117,Speeches,1968,dem,OH
2118,Speeches,1968,dem,OH
2119,Speeches,1968,dem,OH
2120,Speeches,1968,dem,PA
2121,Speeches,1968,dem,PA
2122,Speeches,1968,dem,PA
2123,Speeches,1968,dem,PA
2124,Speeches,1968,dem,PA
2125,Speeches,1968,dem,PA
2126,Speeches,1968,dem,NY
2127,Speeches,1968,dem,NY
2128,Speeches,1968,dem,NY
2129,Speeches,1968,dem,NY
2130,Speeches,1968,dem,MD
2131,Speeches,1968,dem,NJ
2132,Speeches,1968,dem,NJ
2133,Speeches,1968,dem,MI
2134,Speeches,1968,dem,
2135,Speeches,1968,dem,IL
2136,Speeches,1968,dem,IL
2137,Speeches,1968,dem,IL
2138,Speeches,1968,dem,MI
2139,Speeches,1968,dem,OH
2140,Speeches,1968,dem,NY
2141,Speeches,1968,dem,NY
2142,Speeches,1968,dem,NY
2143,Speeches,1968,dem,TX
2144,Speeches,1968,dem,CA
2145,Speeches,1968,dem,CA
2146,Speeches,1968,dem,MN
2147,Speeches,1968,dem,MN
2148,Speeches,1968,rep,FL
2149,Speeches,1968,rep,CA
2150,Speeches,1968,rep,TX
2151,Speeches,1968,rep,OK
2152,Speeches,1968,rep,
2153,Speeches,1968,rep,NY
2154,Speeches,1968,rep,NC
2155,Speeches,1968,rep,NC
2156,Speeches,1968,rep,IN
2157,Speeches,1968,rep,LA
2158,Speeches,1968,rep,IA
2159,Speeches,1968,rep,IA
2160,Speeches,1968,rep,CA
2161,Speeches,1968,rep,IA
2162,Speeches,1968,rep,CA
2163,Speeches,1968,rep,UT
2164,Speeches,1968,rep,
2165,Speeches,1968,rep,WI
2166,Speeches,1968,rep,WA
2167,Speeches,1968,rep,CO
2168,Speeches,1968,rep,MO
2169,Speeches,1968,rep,
2170,Speeches,1968,rep,PA
2171,Speeches,1968,rep,VA
2172,Speeches,1968,rep,VA
2173,Speeches,1968,rep,CT
2174,Speeches,1968,rep,
2175,Speeches,1968,rep,NY
2176,Speeches,1968,rep,
2177,Speeches,1968,rep,MN
2178,Speeches,1968,rep,TX
2179,Speeches,1968,rep,
2180,Speeches,1968,rep,TN
2181,Speeches,1968,rep,FL
2182,Speeches,1968,rep,MO
2183,Speeches,1968,rep,NY
2184,Speeches,1968,rep,PA
2185,Speeches,1968,rep,
2186,Speeches,1968,rep,
2187,Speeches,1968,rep,MA
2188,Speeches,1968,rep,
2189,Speeches,1968,rep,MI
2190,Speeches,1968,rep,
2191,Speeches,1968,rep,
2192,Speeches,1968,rep,OH
2193,Speeches,1968,rep,
2194,Speeches,1968,rep,OH
2195,Speeches,1968,rep,OH
2196,Speeches,1968,rep,
2197,Speeches,1968,rep,
2198,Speeches,1968,rep,
2199,Speeches,1968,rep,
2200,Speeches,1968,rep,
2201,Speeches,1968,rep,
2202,Speeches,1968,rep,NY
2203,Speeches,1968,rep,MI
2204,Speeches,1968,rep,NY
2205,Speeches,1968,rep,
2206,Speeches,1972,dem,FL
2207,Speeches,1972,dem,OH
2208,Speeches,1972,dem,CA
2209,Speeches,1972,dem,WA
2210,Speeches,1972,dem,WA
2211,Speeches,1972,dem,
2212,Speeches,1972,dem,CA
2213,Speeches,1972,dem,CA
2214,Speeches,1972,dem,CA
2215,Speeches,1972,dem,CA
2216,Speeches,1972,dem,CA
2217,Speeches,1972,dem,
2218,Speeches,1972,dem,TX
2219,Speeches,1972,dem,IL
2220,Speeches,1972,dem,
2221,Speeches,1972,dem,
2222,Speeches,1972,dem,IL
2223,Speeches,1972,dem,IL
2224,Speeches,1972,dem,NM
2225,Speeches,1972,dem,
2226,Speeches,1972,dem,IL
2227,Speeches,1972,dem,TX
2228,Speeches,1972,dem,NM
2229,Speeches,1972,dem,MN
2230,Speeches,1972,dem,MN
2231,Speeches,1972,dem,
2232,Speeches,1972,dem,MN
2233,Speeches,1972,dem,MI
2234,Speeches,1972,dem,IL
2235,Speeches,1972,dem,PA
2236,Speeches,1972,dem,CT
2237,Speeches,1972,dem,NY
2238,Speeches,1972,dem,PA
2239,Speeches,1972,dem,CT
2240,Speeches,1972,dem,NY
2241,Speeches,1972,dem,ME
2242,Speeches,1972,dem,
2243,Speeches,1972,dem,
2244,Speeches,1972,dem,WV
2245,Speeches,1972,dem,IL
2246,Speeches,1972,dem,OH
2247,Speeches,1972,dem,WV
2248,Speeches,1972,dem,IL
2249,Speeches,1972,dem,WI
2250,Speeches,1972,dem,MI
2251,Speeches,1972,dem,
2252,Speeches,1972,dem,
2253,Speeches,1972,dem,PA
2254,Speeches,1972,dem,PA
2255,Speeches,1972,dem,NJ
2256,Speeches,1972,dem,NJ
2257,Speeches,1972,dem,PA
2258,Speeches,1972,dem,NY
2259,Speeches,1972,dem,
2260,Speeches,1972,dem,NY
2261,Speeches,1972,dem,MI
2262,Speeches,1972,dem,PA
2263,Speeches,1972,dem,MI
2264,Speeches,1972,dem,
2265,Speeches,1972,dem,NY
2266,Speeches,1972,dem,OH
2267,Speeches,1972,dem,NY
2268,Speeches,1972,dem,NY
2269,Speeches,1972,dem,NY
2270,Speeches,1972,dem,NY
2271,Speeches,1972,dem,SD
2272,Speeches,1972,dem,MT
2273,Speeches,1972,dem,MT
2274,Speeches,1972,dem,CA
2275,Speeches,1972,dem,NY
2276,Speeches,1972,dem,
2277,Speeches,1972,dem,NY
2278,Speeches,1972,dem,MA
2279,Speeches,1972,dem,NY
2280,Speeches,1972,dem,OH
2281,Speeches,1972,dem,IA
2282,Speeches,1972,dem,IL
2283,Speeches,1972,dem,MO
2284,Speeches,1972,dem,
2285,Speeches,1972,dem,IL
2286,Speeches,1972,dem,MA
2287,Speeches,1972,dem,MN
2288,Speeches,1972,dem,WA
2289,Speeches,1972,dem,CA
2290,Speeches,1972,dem,CA
2291,Speeches,1972,dem,TX
2292,Speeches,1972,dem,MI
2293,Speeches,1972,dem,NY
2294,Speeches,1972,dem,NY
2295,Speeches,1972,dem,
2296,Speeches,1972,dem,PA
2297,Speeches,1972,dem,
2298,Speeches,1972,dem,OH
2299,Speeches,1972,dem,CA
2300,Speeches,1972,dem,
2301,Speeches,1972,dem,MO
2302,Speeches,1972,dem,
2303,Speeches,1972,dem,SD
2304,Speeches,1972,rep,FL
2305,Speeches,1972,rep,CA
2306,Speeches,1972,rep,CA
2307,Speeches,1972,rep,
2308,Speeches,1972,rep,PA
2309,Speeches,1972,rep,PA
2310,Speeches,1972,rep,MD
2311,Speeches,1972,rep,
2312,Speeches,1972,rep,
2313,Speeches,1972,rep,
2314,Speeches,1972,rep,TX
2315,Speeches,1972,rep,
2316,Speeches,1972,rep,TX
2317,Speeches,1972,rep,TX
2318,Speeches,1972,rep,
2319,Speeches,1972,rep,
2320,Speeches,1972,rep,
2321,Speeches,1972,rep,NY
2322,Speeches,1972,rep,NY
2323,Speeches,1972,rep,CA
2324,Speeches,1972,rep,
2325,Speeches,1972,rep,CA
2326,Speeches,1972,rep,
2327,Speeches,1972,rep,CA
2328,Speeches,1972,rep,CA
2329,Speeches,1972,rep,CA
2330,Speeches,1972,rep,MD
2331,Speeches,1972,rep,
2332,Speeches,1972,rep,GA
2333,Speeches,1972,rep,MD
2334,Speeches,1972,rep,
2335,Speeches,1972,rep,
2336,Speeches,1972,rep,MD
2337,Speeches,1972,rep,MD
2338,Speeches,1972,rep,NY
2339,Speeches,1972,rep,NY
2340,Speeches,1972,rep,NY
2341,Speeches,1972,rep,
2342,Speeches,1972,rep,WV
2343,Speeches,1972,rep,KY
2344,Speeches,1972,rep,
2345,Speeches,1972,rep,
2346,Speeches,1972,rep,OH
2347,Speeches,1972,rep,OH
2348,Speeches,1972,rep,MI
2349,Speeches,1972,rep,
2350,Speeches,1972,rep,MD
2351,Speeches,1972,rep,
2352,Speeches,1972,rep,
2353,Speeches,1972,rep,
2354,Speeches,1972,rep,IL
2355,Speeches,1972,rep,OK
2356,Speeches,1972,rep,RI
2357,Speeches,1972,rep,
2358,Speeches,1972,rep,NC
2359,Speeches,1972,rep,NM
2360,Speeches,1972,rep,CA
2361,Speeches,1972,rep,CA
2362,Speeches,1972,rep,CA
2363,Speeches,1976,dem,NY
2364,Speeches,1976,dem,GA
2365,Speeches,1976,dem,GA
2366,Speeches,1976,dem,NY
2367,Speeches,1976,dem,
2368,Speeches,1976,dem,OH
2369,Speeches,1976,dem,TX
2370,Speeches,1976,dem,AL
2371,Speeches,1976,dem,MI
2372,Speeches,1976,dem,
2373,Speeches,1976,dem,AK
2374,Speeches,1976,dem,
2375,Speeches,1976,dem,TX
2376,Speeches,1976,dem,TX
2377,Speeches,1976,dem,CA
2378,Speeches,1976,dem,IN
2379,Speeches,1976,dem,OR
2380,Speeches,1976,dem,OR
2381,Speeches,1976,dem,MA
2382,Speeches,1976,dem,MD
2383,Speeches,1976,dem,
2384,Speeches,1976,dem,CT
2385,Speeches,1976,dem,CO
2386,Speeches,1976,dem,CA
2387,Speeches,1976,dem,UT
2388,Speeches,1976,dem,CA
2389,Speeches,1976,dem,IN
2390,Speeches,1976,dem,IN
2391,Speeches,1976,dem,IN
2392,Speeches,1976,dem,IL
2393,Speeches,1976,dem,NY
2394,Speeches,1976,dem,MI
2395,Speeches,1976,dem,MO
2396,Speeches,1976,dem,OH
2397,Speeches,1976,dem,MO
2398,Speeches,1976,dem,NY
2399,Speeches,1976,dem,NY
2400,Speeches,1976,dem,FL
2401,Speeches,1976,dem,NY
2402,Speeches,1976,dem,VA
2403,Speeches,1976,dem,VA
2404,Speeches,1976,dem,GA
2405,Speeches,1976,dem,IL
2406,Speeches,1976,dem,PA
2407,Speeches,1976,dem,PA
2408,Speeches,1976,dem,
2409,Speeches,1976,dem,MO
2410,Speeches,1976,dem,GA
2411,Speeches,1976,dem,OK
2412,Speeches,1976,dem,TX
2413,Speeches,1976,dem,CA
2414,Speeches,1976,dem,GA
2415,Speeches,1976,dem,GA
2416,Speeches,1976,dem,GA
2417,Speeches,1976,dem,GA
2418,Speeches,1976,rep,MO
2419,Speeches,1976,rep,
2420,Speeches,1976,rep,
2421,Speeches,1976,rep,
2422,Speeches,1976,rep,
2423,Speeches,1976,rep,
2424,Speeches,1976,rep,
2425,Speeches,1976,rep,
2426,Speeches,1976,rep,MI
2427,Speeches,1976,rep,MI
2428,Speeches,1976,rep,
2429,Speeches,1976,rep,
2430,Speeches,1976,rep,
2431,Speeches,1976,rep,
2432,Speeches,1976,rep,
2433,Speeches,1976,rep,
2434,Speeches,1976,rep,
2435,Speeches,1976,rep,PA
2436,Speeches,1976,rep,PA
2437,Speeches,1976,rep,PA
2438,Speeches,1976,rep,
2439,Speeches,1976,rep,MS
2440,Speeches,1976,rep,MS
2441,Speeches,1976,rep,MS
2442,Speeches,1976,rep,AL
2443,Speeches,1976,rep,FL
2444,Speeches,1976,rep,FL
2445,Speeches,1976,rep,
2446,Speeches,1976,rep,
2447,Speeches,1976,rep,
2448,Speeches,1976,rep,
2449,Speeches,1976,rep,
2450,Speeches,1976,rep,CA
2451,Speeches,1976,rep,CA
2452,Speeches,1976,rep,CA
2453,Speeches,1976,rep,CA
2454,Speeches,1976,rep,CA
2455,Speeches,1976,rep,CA
2456,Speeches,1976,rep,CA
2457,Speeches,1976,rep,CA
2458,Speeches,1976,rep,CA
2459,Speeches,1976,rep,OK
2460,Speeches,1976,rep,OK
2461,Speeches,1976,rep,TX
2462,Speeches,1976,rep,TX
2463,Speeches,1976,rep,
2464,Speeches,1976,rep,
2465,Speeches,1976,rep,
2466,Speeches,1976,rep,NY
2467,Speeches,1976,rep,NY
2468,Speeches,1976,rep,NY
2469,Speeches,1976,rep,NY
2470,Speeches,1976,rep,NY
2471,Speeches,1976,rep,NY
2472,Speeches,1976,rep,NJ
2473,Speeches,1976,rep,NJ
2474,Speeches,1976,rep,NJ
2475,Speeches,1976,rep,
2476,Speeches,1976,rep,IA
2477,Speeches,1976,rep,IA
2478,Speeches,1976,rep,IL
2479,Speeches,1976,rep,IL
2480,Speeches,1976,rep,IL
2481,Speeches,1976,rep,IL
2482,Speeches,1976,rep,IL
2483,Speeches,1976,rep,IL
2484,Speeches,1976,rep,IL
2485,Speeches,1976,rep,MO
2486,Speeches,1976,rep,
2487,Speeches,1976,rep,NY
2488,Speeches,1976,rep,NY
2489,Speeches,1976,rep,
2490,Speeches,1976,rep,
2491,Speeches,1976,rep,VA
2492,Speeches,1976,rep,NC
2493,Speeches,1976,rep,SC
2494,Speeches,1976,rep,SC
2495,Speeches,1976,rep,CA
2496,Speeches,1976,rep,CA
2497,Speeches,1976,rep,CA
2498,Speeches,1976,rep,CA
2499,Speeches,1976,rep,CA
2500,Speeches,1976,rep,CA
2501,Speeches,1976,rep,WA
2502,Speeches,1976,rep,WA
2503,Speeches,1976,rep,OR
2504,Speeches,1976,rep,OR
2505,Speeches,1976,rep,OR
2506,Speeches,1976,rep,OR
2507,Speeches,1976,rep,PA
2508,Speeches,1976,rep,IL
2509,Speeches,1976,rep,IL
2510,Speeches,1976,rep,IL
2511,Speeches,1976,rep,IL
2512,Speeches,1976,rep,NJ
2513,Speeches,1976,rep,NJ
2514,Speeches,1976,rep,NJ
2515,Speeches,1976,rep,PA
2516,Speeches,1976,rep,PA
2517,Speeches,1976,rep,PA
2518,Speeches,1976,rep,PA
2519,Speeches,1976,rep,IN
2520,Speeches,1976,rep,KY
2521,Speeches,1976,rep,OH
2522,Speeches,1976,rep,OH
2523,Speeches,1976,rep,OH
2524,Speeches,1976,rep,OH
2525,Speeches,1976,rep,PA
2526,Speeches,1976,rep,OH
2527,Speeches,1976,rep,WI
2528,Speeches,1976,rep,WI
2529,Speeches,1976,rep,MO
2530,Speeches,1976,rep,TX
2531,Speeches,1976,rep,PA
2532,Speeches,1976,rep,NY
2533,Speeches,1976,rep,NY
2534,Speeches,1976,rep,NY
2535,Speeches,1976,rep,NY
2536,Speeches,1976,rep,NY
2537,Speeches,1976,rep,NY
2538,Speeches,1976,rep,OH
2539,Speeches,1976,rep,OH
2540,Speeches,1976,rep,OH
2541,Speeches,1976,rep,OH
2542,Speeches,1976,rep,MI
2543,Speeches,1976,rep,MI
2544,Speeches,1976,rep,MI
2545,Speeches,1976,rep,MI
2546,Speeches,1976,rep,
2547,Speeches,1980,dem,NY
2548,Speeches,1980,dem,AL
2549,Speeches,1980,dem,
2550,Speeches,1980,dem,
2551,Speeches,1980,dem,TX
2552,Speeches,1980,dem,TX
2553,Speeches,1980,dem,GA
2554,Speeches,1980,dem,GA
2555,Speeches,1980,dem,SC
2556,Speeches,1980,dem,SC
2557,Speeches,1980,dem,OH
2558,Speeches,1980,dem,OH
2559,Speeches,1980,dem,
2560,Speeches,1980,dem,IL
2561,Speeches,1980,dem,IL
2562,Speeches,1980,dem,
2563,Speeches,1980,dem,CA
2564,Speeches,1980,dem,CA
2565,Speeches,1980,dem,CA
2566,Speeches,1980,dem,OR
2567,Speeches,1980,dem,WA
2568,Speeches,1980,dem,WA
2569,Speeches,1980,dem,
2570,Speeches,1980,dem,
2571,Speeches,1980,dem,NY
2572,Speeches,1980,dem,NY
2573,Speeches,1980,dem,
2574,Speeches,1980,dem,NY
2575,Speeches,1980,dem,PA
2576,Speeches,1980,dem,
2577,Speeches,1980,dem,WI
2578,Speeches,1980,dem,IL
2579,Speeches,1980,dem,IL
2580,Speeches,1980,dem,TN
2581,Speeches,1980,dem,
2582,Speeches,1980,dem,TN
2583,Speeches,1980,dem,NC
2584,Speeches,1980,dem,NC
2585,Speeches,1980,dem,FL
2586,Speeches,1980,dem,IL
2587,Speeches,1980,dem,IL
2588,Speeches,1980,dem,MA
2589,Speeches,1980,dem,MA
2590,Speeches,1980,dem,MA
2591,Speeches,1980,dem,NJ
2592,Speeches,1980,dem,NJ
2593,Speeches,1980,dem,CT
2594,Speeches,1980,dem,NY
2595,Speeches,1980,dem,NY
2596,Speeches,1980,dem,
2597,Speeches,1980,dem,PA
2598,Speeches,1980,dem,NY
2599,Speeches,1980,dem,NY
2600,Speeches,1980,dem,NY
2601,Speeches,1980,dem,NY
2602,Speeches,1980,dem,FL
2603,Speeches,1980,dem,FL
2604,Speeches,1980,dem,LA
2605,Speeches,1980,dem,LA
2606,Speeches,1980,dem,TX
2607,Speeches,1980,dem,TX
2608,Speeches,1980,dem,TX
2609,Speeches,1980,dem,AR
2610,Speeches,1980,dem,
2611,Speeches,1980,dem,MI
2612,Speeches,1980,dem,OH
2613,Speeches,1980,dem,WV
2614,Speeches,1980,dem,NY
2615,Speeches,1980,dem,NJ
2616,Speeches,1980,dem,NJ
2617,Speeches,1980,dem,PA
2618,Speeches,1980,dem,PA
2619,Speeches,1980,dem,NY
2620,Speeches,1980,dem,MI
2621,Speeches,1980,dem,SC
2622,Speeches,1980,dem,FL
2623,Speeches,1980,dem,MS
2624,Speeches,1980,dem,TX
2625,Speeches,1980,dem,TX
2626,Speeches,1980,dem,TX
2627,Speeches,1980,dem,TX
2628,Speeches,1980,dem,TX
2629,Speeches,1980,dem,WI
2630,Speeches,1980,dem,OH
2631,Speeches,1980,dem,IL
2632,Speeches,1980,dem,MO
2633,Speeches,1980,dem,MI
2634,Speeches,1980,dem,OR
2635,Speeches,1980,dem,WA
2636,Speeches,1980,rep,MI
2637,Speeches,1980,rep,NY
2638,Speeches,1980,rep,
2639,Speeches,1980,rep,FL
2640,Speeches,1980,rep,PA
2641,Speeches,1980,rep,PA
2642,Speeches,1980,rep,IL
2643,Speeches,1980,rep,OH
2644,Speeches,1980,rep,OH
2645,Speeches,1980,rep,NY
2646,Speeches,1980,rep,
2647,Speeches,1980,rep,
2648,Speeches,1980,rep,
2649,Speeches,1980,rep,TX
2650,Speeches,1980,rep,TX
2651,Speeches,1980,rep,FL
2652,Speeches,1980,rep,TN
2653,Speeches,1980,rep,LA
2654,Speeches,1980,rep,FL
2655,Speeches,1980,rep,TX
2656,Speeches,1980,rep,TX
2657,Speeches,1980,rep,CO
2658,Speeches,1980,rep,CA
2659,Speeches,1980,rep,OR
2660,Speeches,1980,rep,IA
2661,Speeches,1980,rep,NY
2662,Speeches,1980,rep,PA
2663,Speeches,1980,rep,PA
2664,Speeches,1980,rep,IL
2665,Speeches,1980,rep,IL
2666,Speeches,1980,rep,WI
2667,Speeches,1980,rep,VA
2668,Speeches,1980,rep,VA
2669,Speeches,1980,rep,VA
2670,Speeches,1980,rep,
2671,Speeches,1980,rep,NJ
2672,Speeches,1980,rep,CT
2673,Speeches,1980,rep,MI
2674,Speeches,1980,rep,OH
2675,Speeches,1980,rep,PA
2676,Speeches,1980,rep,PA
2677,Speeches,1980,rep,IL
2678,Speeches,1980,rep,OH
2679,Speeches,1980,rep,WI
2680,Speeches,1980,rep,AL
2681,Speeches,1980,rep,MO
2682,Speeches,1980,rep,FL
2683,Speeches,1980,rep,SC
2684,Speeches,1980,rep,
2685,Speeches,1980,rep,CA
2686,Speeches,1980,rep,SD
2687,Speeches,1980,rep,OH
2688,Speeches,1980,rep,OH
2689,Speeches,1980,rep,OH
2690,Speeches,1980,rep,MI
2691,Speeches,1980,rep,NY
2692,Speeches,1980,rep,
2693,Speeches,1980,rep,OH
2694,Speeches,1980,rep,KY
2695,Speeches,1980,rep,KY
2696,Speeches,1980,rep,IL
2697,Speeches,1980,rep,LA
2698,Speeches,1980,rep,
2699,Speeches,1980,rep,TX
2700,Speeches,1980,rep,NJ
2701,Speeches,1980,rep,LA
2702,Speeches,1980,rep,MI
2703,Speeches,1980,rep,
2704,Speeches,1980,rep,CA
2705,Speeches,1984,dem,CA
2706,Speeches,1984,dem,
2707,Speeches,1984,dem,WI
2708,Speeches,1984,dem,WI
2709,Speeches,1984,dem,CA
2710,Speeches,1984,dem,CA
2711,Speeches,1984,dem,OR
2712,Speeches,1984,dem,
2713,Speeches,1984,dem,
2714,Speeches,1984,dem,
2715,Speeches,1984,dem,
2716,Speeches,1984,dem,
2717,Speeches,1984,dem,PA
2718,Speeches,1984,dem,IL
2719,Speeches,1984,dem,MI
2720,Speeches,1984,dem,
2721,Speeches,1984,dem,
2722,Speeches,1984,dem,
2723,Speeches,1984,dem,
2724,Speeches,1984,dem,
2725,Speeches,1984,dem,OH
2726,Speeches,1984,dem,CA
2727,Speeches,1984,dem,CA
2728,Speeches,1984,dem,
2729,Speeches,1984,dem,
2730,Speeches,1984,dem,
2731,Speeches,1984,dem,TX
2732,Speeches,1984,dem,TX
2733,Speeches,1984,dem,
2734,Speeches,1984,dem,
2735,Speeches,1984,dem,
2736,Speeches,1984,dem,
2737,Speeches,1984,dem,NJ
2738,Speeches,1984,dem,AR
2739,Speeches,1984,dem,
2740,Speeches,1984,dem,MD
2741,Speeches,1984,dem,NY
2742,Speeches,1984,dem,PA
2743,Speeches,1984,dem,MI
2744,Speeches,1984,dem,OH
2745,Speeches,1984,dem,OH
2746,Speeches,1984,dem,FL
2747,Speeches,1984,dem,WI
2748,Speeches,1984,dem,MN
2749,Speeches,1984,dem,MO
2750,Speeches,1984,dem,MO
2751,Speeches,1984,dem,CA
2752,Speeches,1984,dem,CA
2753,Speeches,1984,dem,
2754,Speeches,1984,dem,MI
2755,Speeches,1984,dem,IA
2756,Speeches,1984,dem,IL
2757,Speeches,1984,dem,
2758,Speeches,1984,dem,OH
2759,Speeches,1984,dem,MI
2760,Speeches,1984,dem,CA
2761,Speeches,1984,dem,CA
2762,Speeches,1984,dem,OR
2763,Speeches,1984,dem,WA
2764,Speeches,1984,dem,MN
2765,Speeches,1984,dem,IL
2766,Speeches,1984,dem,MD
2767,Speeches,1984,dem,NY
2768,Speeches,1984,dem,NY
2769,Speeches,1984,dem,OH
2770,Speeches,1984,dem,CA
2771,Speeches,1984,rep,TX
2772,Speeches,1984,rep,
2773,Speeches,1984,rep,CA
2774,Speeches,1984,rep,CA
2775,Speeches,1984,rep,UT
2776,Speeches,1984,rep,IL
2777,Speeches,1984,rep,
2778,Speeches,1984,rep,MD
2779,Speeches,1984,rep,PA
2780,Speeches,1984,rep,
2781,Speeches,1984,rep,
2782,Speeches,1984,rep,NY
2783,Speeches,1984,rep,NY
2784,Speeches,1984,rep,NY
2785,Speeches,1984,rep,TN
2786,Speeches,1984,rep,TN
2787,Speeches,1984,rep,
2788,Speeches,1984,rep,
2789,Speeches,1984,rep,
2790,Speeches,1984,rep,
2791,Speeches,1984,rep,CT
2792,Speeches,1984,rep,NJ
2793,Speeches,1984,rep,IA
2794,Speeches,1984,rep,IA
2795,Speeches,1984,rep,IA
2796,Speeches,1984,rep,MI
2797,Speeches,1984,rep,MI
2798,Speeches,1984,rep,
2799,Speeches,1984,rep,
2800,Speeches,1984,rep,NY
2801,Speeches,1984,rep,
2802,Speeches,1984,rep,OH
2803,Speeches,1984,rep,OH
2804,Speeches,1984,rep,WI
2805,Speeches,1984,rep,MD
2806,Speeches,1984,rep,MI
2807,Speeches,1984,rep,MI
2808,Speeches,1984,rep,MS
2809,Speeches,1984,rep,MS
2810,Speeches,1984,rep,TX
2811,Speeches,1984,rep,TX
2812,Speeches,1984,rep,TX
2813,Speeches,1984,rep,
2814,Speeches,1984,rep,
2815,Speeches,1984,rep,MD
2816,Speeches,1984,rep,KY
2817,Speeches,1984,rep,NC
2818,Speeches,1984,rep,MD
2819,Speeches,1984,rep,
2820,Speeches,1984,rep,
2821,Speeches,1984,rep,MI
2822,Speeches,1984,rep,MI
2823,Speeches,1984,rep,MI
2824,Speeches,1984,rep,
2825,Speeches,1984,rep,
2826,Speeches,1984,rep,OH
2827,Speeches,1984,rep,OH
2828,Speeches,1984,rep,OH
2829,Speeches,1984,rep,OH
2830,Speeches,1984,rep,OH
2831,Speeches,1984,rep,OH
2832,Speeches,1984,rep,OH
2833,Speeches,1984,rep,MD
2834,Speeches,1984,rep,AL
2835,Speeches,1984,rep,GA
2836,Speeches,1984,rep,SC
2837,Speeches,1984,rep,SC
2838,Speeches,1984,rep,IL
2839,Speeches,1984,rep,IL
2840,Speeches,1984,rep,IL
2841,Speeches,1984,rep,
2842,Speeches,1984,rep,NY
2843,Speeches,1984,rep,
2844,Speeches,1984,rep,MO
2845,Speeches,1984,rep,CA
2846,Speeches,1984,rep,CA
2847,Speeches,1984,rep,OR
2848,Speeches,1984,rep,OR
2849,Speeches,1984,rep,WA
2850,Speeches,1984,rep,OH
2851,Speeches,1984,rep,OH
2852,Speeches,1984,rep,
2853,Speeches,1984,rep,NY
2854,Speeches,1984,rep,CT
2855,Speeches,1984,rep,NJ
2856,Speeches,1984,rep,MD
2857,Speeches,1984,rep,PA
2858,Speeches,1984,rep,PA
2859,Speeches,1984,rep,WV
2860,Speeches,1984,rep,
2861,Speeches,1984,rep,
2862,Speeches,1984,rep,
2863,Speeches,1984,rep,MA
2864,Speeches,1984,rep,NY
2865,Speeches,1984,rep,MI
2866,Speeches,1984,rep,MI
2867,Speeches,1984,rep,OH
2868,Speeches,1984,rep,IL
2869,Speeches,1984,rep,AR
2870,Speeches,1984,rep,
2871,Speeches,1984,rep,IA
2872,Speeches,1984,rep,WI
2873,Speeches,1984,rep,WI
2874,Speeches,1984,rep,NY
2875,Speeches,1984,rep,MO
2876,Speeches,1984,rep,IL
2877,Speeches,1984,rep,CA
2878,Speeches,1984,rep,CA
2879,Speeches,1984,rep,CA
2880,Speeches,1984,rep,
2881,Speeches,1988,dem,GA
2882,Speeches,1988,dem,CA
2883,Speeches,1988,dem,OR
2884,Speeches,1988,dem,NY
2885,Speeches,1988,dem,MI
2886,Speeches,1988,dem,IL
2887,Speeches,1988,dem,OH
2888,Speeches,1988,dem,NJ
2889,Speeches,1988,dem,MD
2890,Speeches,1988,dem,KY
2891,Speeches,1988,dem,NY
2892,Speeches,1988,dem,TX
2893,Speeches,1988,dem,TX
2894,Speeches,1988,dem,PA
2895,Speeches,1988,dem,IL
2896,Speeches,1988,dem,
2897,Speeches,1988,dem,
2898,Speeches,1988,dem,MD
2899,Speeches,1988,dem,CA
2900,Speeches,1988,dem,CA
2901,Speeches,1988,dem,CA
2902,Speeches,1988,dem,
2903,Speeches,1988,dem,AR
2904,Speeches,1988,dem,TX
2905,Speeches,1988,dem,KY
2906,Speeches,1988,dem,MA
2907,Speeches,1988,dem,MA
2908,Speeches,1988,dem,MA
2909,Speeches,1988,dem,OH
2910,Speeches,1988,dem,NJ
2911,Speeches,1988,dem,IL
2912,Speeches,1988,dem,IL
2913,Speeches,1988,dem,PA
2914,Speeches,1988,dem,NJ
2915,Speeches,1988,dem,TX
2916,Speeches,1988,dem,CA
2917,Speeches,1988,dem,CT
2918,Speeches,1988,dem,IL
2919,Speeches,1988,dem,IL
2920,Speeches,1988,dem,TX
2921,Speeches,1988,dem,MO
2922,Speeches,1988,dem,ME
2923,Speeches,1988,dem,NY
2924,Speeches,1988,dem,MA
2925,Speeches,1988,dem,CA
2926,Speeches,1988,dem,WA
2927,Speeches,1988,dem,TX
2928,Speeches,1988,dem,MA
2929,Speeches,1988,dem,OH
2930,Speeches,1988,dem,MI
2931,Speeches,1988,dem,IL
2932,Speeches,1988,dem,CT
2933,Speeches,1988,dem,NY
2934,Speeches,1988,dem,NY
2935,Speeches,1988,dem,WI
2936,Speeches,1988,dem,CA
2937,Speeches,1988,dem,IL
2938,Speeches,1988,dem,MI
2939,Speeches,1988,dem,SD
2940,Speeches,1988,dem,CA
2941,Speeches,1988,dem,WI
2942,Speeches,1988,dem,PA
2943,Speeches,1988,dem,MO
2944,Speeches,1988,dem,CA
2945,Speeches,1988,dem,IA
2946,Speeches,1988,dem,MA
2947,Speeches,1988,rep,LA
2948,Speeches,1988,rep,MA
2949,Speeches,1988,rep,NJ
2950,Speeches,1988,rep,CA
2951,Speeches,1988,rep,CA
2952,Speeches,1988,rep,KY
2953,Speeches,1988,rep,MD
2954,Speeches,1988,rep,IL
2955,Speeches,1988,rep,NJ
2956,Speeches,1988,rep,NJ
2957,Speeches,1988,rep,IL
2958,Speeches,1988,rep,CA
2959,Speeches,1988,rep,CA
2960,Speeches,1988,rep,CA
2961,Speeches,1988,rep,NJ
2962,Speeches,1988,rep,PA
2963,Speeches,1988,rep,OH
2964,Speeches,1988,rep,CA
2965,Speeches,1988,rep,CA
2966,Speeches,1988,rep,CO
2967,Speeches,1988,rep,TX
2968,Speeches,1988,rep,TX
2969,Speeches,1988,rep,OH
2970,Speeches,1988,rep,OH
2971,Speeches,1988,rep,NJ
2972,Speeches,1988,rep,WA
2973,Speeches,1988,rep,CO
2974,Speeches,1988,rep,MO
2975,Speeches,1988,rep,MI
2976,Speeches,1988,rep,OH
2977,Speeches,1988,rep,
2978,Speeches,1988,rep,CT
2979,Speeches,1988,rep,OH
2980,Speeches,1988,rep,MI
2981,Speeches,1988,rep,CA
2982,Speeches,1988,rep,CA
2983,Speeches,1988,rep,CA
2984,Speeches,1988,rep,
2985,Speeches,1988,rep,IN
2986,Speeches,1988,rep,TX
2987,Speeches,1988,rep,
2988,Speeches,1992,dem,NY
2989,Speeches,1992,dem,GA
2990,Speeches,1992,dem,MD
2991,Speeches,1992,dem,
2992,Speeches,1992,dem,MO
2993,Speeches,1992,dem,CT
2994,Speeches,1992,dem,GA
2995,Speeches,1992,dem,
2996,Speeches,1992,dem,GA
2997,Speeches,1992,dem,IN
2998,Speeches,1992,dem,UT
2999,Speeches,1992,dem,CA
3000,Speeches,1992,dem,CA
3001,Speeches,1992,dem,CA
3002,Speeches,1992,dem,CO
3003,Speeches,1992,dem,NM
3004,Speeches,1992,dem,MI
3005,Speeches,1992,dem,IL
3006,Speeches,1992,dem,MI
3007,Speeches,1992,dem,GA
3008,Speeches,1992,dem,NJ
3009,Speeches,1992,dem,MA
3010,Speeches,1992,dem,CT
3011,Speeches,1992,dem,VT
3012,Speeches,1992,dem,ME
3013,Speeches,1992,dem,NH
3014,Speeches,1992,dem,
3015,Speeches,1992,dem,IA
3016,Speeches,1992,dem,IA
3017,Speeches,1992,dem,KY
3018,Speeches,1992,dem,OH
3019,Speeches,1992,dem,MD
3020,Speeches,1992,dem,WI
3021,Speeches,1992,dem,WI
3022,Speeches,1992,dem,OH
3023,Speeches,1992,dem,OH
3024,Speeches,1992,dem,MI
3025,Speeches,1992,dem,MO
3026,Speeches,1992,dem,
3027,Speeches,1992,dem,
3028,Speeches,1992,dem,NC
3029,Speeches,1992,dem,NC
3030,Speeches,1992,dem,NC
3031,Speeches,1992,dem,FL
3032,Speeches,1992,dem,FL
3033,Speeches,1992,dem,PA
3034,Speeches,1992,dem,DE
3035,Speeches,1992,dem,CO
3036,Speeches,1992,dem,WY
3037,Speeches,1992,dem,MT
3038,Speeches,1992,dem,WA
3039,Speeches,1992,dem,OR
3040,Speeches,1992,dem,NV
3041,Speeches,1992,dem,MO
3042,Speeches,1992,dem,WI
3043,Speeches,1992,dem,
3044,Speeches,1992,dem,IA
3045,Speeches,1992,dem,OH
3046,Speeches,1992,dem,MI
3047,Speeches,1992,dem,MI
3048,Speeches,1992,dem,NC
3049,Speeches,1992,dem,GA
3050,Speeches,1992,dem,FL
3051,Speeches,1992,dem,LA
3052,Speeches,1992,dem,TX
3053,Speeches,1992,dem,KY
3054,Speeches,1992,dem,NJ
3055,Speeches,1992,dem,OH
3056,Speeches,1992,dem,MI
3057,Speeches,1992,dem,PA
3058,Speeches,1992,dem,OH
3059,Speeches,1992,dem,GA
3060,Speeches,1992,dem,NJ
3061,Speeches,1992,dem,MI
3062,Speeches,1992,dem,MO
3063,Speeches,1992,dem,KY
3064,Speeches,1992,rep,TX
3065,Speeches,1992,rep,
3066,Speeches,1992,rep,SD
3067,Speeches,1992,rep,TX
3068,Speeches,1992,rep,TX
3069,Speeches,1992,rep,VA
3070,Speeches,1992,rep,OH
3071,Speeches,1992,rep,NC
3072,Speeches,1992,rep,NC
3073,Speeches,1992,rep,IL
3074,Speeches,1992,rep,WI
3075,Speeches,1992,rep,MI
3076,Speeches,1992,rep,TX
3077,Speeches,1992,rep,PA
3078,Speeches,1992,rep,NJ
3079,Speeches,1992,rep,MI
3080,Speeches,1992,rep,MO
3081,Speeches,1992,rep,MO
3082,Speeches,1992,rep,VA
3083,Speeches,1992,rep,MO
3084,Speeches,1992,rep,
3085,Speeches,1992,rep,CA
3086,Speeches,1992,rep,CA
3087,Speeches,1992,rep,WA
3088,Speeches,1992,rep,OR
3089,Speeches,1992,rep,UT
3090,Speeches,1992,rep,CO
3091,Speeches,1992,rep,NM
3092,Speeches,1992,rep,OK
3093,Speeches,1992,rep,GA
3094,Speeches,1992,rep,GA
3095,Speeches,1992,rep,NJ
3096,Speeches,1992,rep,MO
3097,Speeches,1992,rep,OK
3098,Speeches,1992,rep,TX
3099,Speeches,1992,rep,LA
3100,Speeches,1992,rep,MS
3101,Speeches,1992,rep,TN
3102,Speeches,1992,rep,NC
3103,Speeches,1992,rep,NC
3104,Speeches,1992,rep,PA
3105,Speeches,1992,rep,IL
3106,Speeches,1992,rep,IL
3107,Speeches,1992,rep,IL
3108,Speeches,1992,rep,OH
3109,Speeches,1992,rep,OH
3110,Speeches,1992,rep,OH
3111,Speeches,1992,rep,OH
3112,Speeches,1992,rep,OH
3113,Speeches,1992,rep,MI
3114,Speeches,1992,rep,MI
3115,Speeches,1992,rep,MI
3116,Speeches,1992,rep,MI
3117,Speeches,1992,rep,MI
3118,Speeches,1992,rep,MO
3119,Speeches,1992,rep,TX
3120,Speeches,1992,rep,TN
3121,Speeches,1992,rep,TN
3122,Speeches,1992,rep,TN
3123,Speeches,1992,rep,TN
3124,Speeches,1992,rep,TN
3125,Speeches,1992,rep,
3126,Speeches,1992,rep,WI
3127,Speeches,1992,rep,WI
3128,Speeches,1992,rep,NJ
3129,Speeches,1992,rep,NJ
3130,Speeches,1992,rep,FL
3131,Speeches,1992,rep,FL
3132,Speeches,1992,rep,FL
3133,Speeches,1992,rep,DE
3134,Speeches,1992,rep,LA
3135,Speeches,1992,rep,LA
3136,Speeches,1992,rep,TX
3137,Speeches,1992,rep,OH
3138,Speeches,1992,rep,OH
3139,Speeches,1992,rep,MO
3140,Speeches,1992,rep,MO
3141,Speeches,1992,rep,PA
3142,Speeches,1992,rep,MI
3143,Speeches,1992,rep,MI
3144,Speeches,1992,rep,MI
3145,Speeches,1992,rep,NJ
3146,Speeches,1992,rep,MI
3147,Speeches,1992,rep,GA
3148,Speeches,1992,rep,GA
3149,Speeches,1992,rep,GA
3150,Speeches,1992,rep,SC
3151,Speeches,1992,rep,NC
3152,Speeches,1992,rep,NC
3153,Speeches,1992,rep,NC
3154,Speeches,1992,rep,NC
3155,Speeches,1992,rep,NC
3156,Speeches,1992,rep,NJ
3157,Speeches,1992,rep,NJ
3158,Speeches,1992,rep,NJ
3159,Speeches,1992,rep,KY
3160,Speeches,1992,rep,AL
3161,Speeches,1992,rep,MI
3162,Speeches,1992,rep,SD
3163,Speeches,1992,rep,CO
3164,Speeches,1992,rep,NM
3165,Speeches,1992,rep,KY
3166,Speeches,1992,rep,OH
3167,Speeches,1992,rep,OH
3168,Speeches,1992,rep,OH
3169,Speeches,1992,rep,OH
3170,Speeches,1992,rep,OH
3171,Speeches,1992,rep,MI
3172,Speeches,1992,rep,MI
3173,Speeches,1992,rep,MI
3174,Speeches,1992,rep,TN
3175,Speeches,1992,rep,MO
3176,Speeches,1992,rep,WI
3177,Speeches,1992,rep,WI
3178,Speeches,1992,rep,WI
3179,Speeches,1992,rep,WI
3180,Speeches,1992,rep,WI
3181,Speeches,1992,rep,MI
3182,Speeches,1992,rep,CT
3183,Speeches,1992,rep,NJ
3184,Speeches,1992,rep,PA
3185,Speeches,1992,rep,OH
3186,Speeches,1992,rep,KY
3187,Speeches,1992,rep,LA
3188,Speeches,1992,rep,TX
3189,Speeches,1992,rep,TX
3190,Speeches,1996,dem,IL
3191,Speeches,1996,dem,AR
3192,Speeches,1996,dem,WI
3193,Speeches,1996,dem,
3194,Speeches,1996,dem,FL
3195,Speeches,1996,dem,FL
3196,Speeches,1996,dem,FL
3197,Speeches,1996,dem,FL
3198,Speeches,1996,dem,FL
3199,Speeches,1996,dem,
3200,Speeches,1996,dem,FL
3201,Speeches,1996,dem,MO
3202,Speeches,1996,dem,MO
3203,Speeches,1996,dem,CO
3204,Speeches,1996,dem,AZ
3205,Speeches,1996,dem,MO
3206,Speeches,1996,dem,CA
3207,Speeches,1996,dem,CA
3208,Speeches,1996,dem,CA
3209,Speeches,1996,dem,
3210,Speeches,1996,dem,
3211,Speeches,1996,dem,IA
3212,Speeches,1996,dem,IL
3213,Speeches,1996,dem,OH
3214,Speeches,1996,dem,MI
3215,Speeches,1996,dem,CO
3216,Speeches,1996,dem,WA
3217,Speeches,1996,dem,WA
3218,Speeches,1996,dem,WA
3219,Speeches,1996,dem,WA
3220,Speeches,1996,dem,WA
3221,Speeches,1996,dem,OR
3222,Speeches,1996,dem,OR
3223,Speeches,1996,dem,
3224,Speeches,1996,dem,NJ
3225,Speeches,1996,dem,
3226,Speeches,1996,dem,PA
3227,Speeches,1996,dem,PA
3228,Speeches,1996,dem,
3229,Speeches,1996,dem,
3230,Speeches,1996,dem,TX
3231,Speeches,1996,dem,TX
3232,Speeches,1996,dem,TX
3233,Speeches,1996,dem,MA
3234,Speeches,1996,dem,MA
3235,Speeches,1996,dem,RI
3236,Speeches,1996,dem,MA
3237,Speeches,1996,dem,
3238,Speeches,1996,dem,NY
3239,Speeches,1996,dem,
3240,Speeches,1996,dem,ME
3241,Speeches,1996,dem,NH
3242,Speeches,1996,dem,CT
3243,Speeches,1996,dem,TN
3244,Speeches,1996,dem,OH
3245,Speeches,1996,dem,KY
3246,Speeches,1996,dem,CO
3247,Speeches,1996,dem,
3248,Speeches,1996,dem,NM
3249,Speeches,1996,dem,CO
3250,Speeches,1996,dem,NM
3251,Speeches,1996,dem,NM
3252,Speeches,1996,dem,NM
3253,Speeches,1996,dem,CA
3254,Speeches,1996,dem,CA
3255,Speeches,1996,dem,
3256,Speeches,1996,dem,NJ
3257,Speeches,1996,dem,NJ
3258,Speeches,1996,dem,NY
3259,Speeches,1996,dem,MI
3260,Speeches,1996,dem,OH
3261,Speeches,1996,dem,MI
3262,Speeches,1996,dem,FL
3263,Speeches,1996,dem,MI
3264,Speeches,1996,dem,FL
3265,Speeches,1996,dem,
3266,Speeches,1996,dem,FL
3267,Speeches,1996,dem,LA
3268,Speeches,1996,dem,LA
3269,Speeches,1996,dem,AL
3270,Speeches,1996,dem,GA
3271,Speeches,1996,dem,GA
3272,Speeches,1996,dem,GA
3273,Speeches,1996,dem,
3274,Speeches,1996,dem,TN
3275,Speeches,1996,dem,VA
3276,Speeches,1996,dem,IL
3277,Speeches,1996,dem,MN
3278,Speeches,1996,dem,MO
3279,Speeches,1996,dem,OH
3280,Speeches,1996,dem,PA
3281,Speeches,1996,dem,MI
3282,Speeches,1996,dem,CO
3283,Speeches,1996,dem,CO
3284,Speeches,1996,dem,AZ
3285,Speeches,1996,dem,NM
3286,Speeches,1996,dem,TX
3287,Speeches,1996,dem,CA
3288,Speeches,1996,dem,
3289,Speeches,1996,dem,AR
3290,Speeches,1996,dem,LA
3291,Speeches,1996,dem,FL
3292,Speeches,1996,dem,NJ
3293,Speeches,1996,dem,MA
3294,Speeches,1996,dem,ME
3295,Speeches,1996,dem,IA
3296,Speeches,1996,dem,NH
3297,Speeches,1996,dem,KY
3298,Speeches,1996,dem,OH
3299,Speeches,1996,dem,SD
3300,Speeches,1996,dem,AR
3301,Speeches,1996,rep,CA
3302,Speeches,1996,rep,
3303,Speeches,1996,rep,
3304,Speeches,1996,rep,MO
3305,Speeches,1996,rep,UT
3306,Speeches,1996,rep,
3307,Speeches,1996,rep,LA
3308,Speeches,1996,rep,
3309,Speeches,1996,rep,MI
3310,Speeches,1996,rep,
3311,Speeches,1996,rep,
3312,Speeches,1996,rep,PA
3313,Speeches,1996,rep,CA
3314,Speeches,1996,rep,CA
3315,Speeches,1996,rep,CO
3316,Speeches,1996,rep,
3317,Speeches,1996,rep,VA
3318,Speeches,1996,rep,MI
3319,Speeches,1996,rep,OH
3320,Speeches,1996,rep,MO
3321,Speeches,1996,rep,FL
3322,Speeches,1996,rep,
3323,Speeches,1996,rep,OH
3324,Speeches,1996,rep,PA
3325,Speeches,1996,rep,TN
3326,Speeches,1996,rep,
3327,Speeches,1996,rep,NJ
3328,Speeches,1996,rep,NJ
3329,Speeches,1996,rep,NJ
3330,Speeches,1996,rep,NY
3331,Speeches,1996,rep,NJ
3332,Speeches,1996,rep,OH
3333,Speeches,1996,rep,OH
3334,Speeches,1996,rep,NJ
3335,Speeches,1996,rep,MO
3336,Speeches,1996,rep,CA
3337,Speeches,1996,rep,CA
3338,Speeches,1996,rep,CA
3339,Speeches,1996,rep,CA
3340,Speeches,1996,rep,NM
3341,Speeches,1996,rep,
3342,Speeches,1996,rep,NH
3343,Speeches,1996,rep,MI
3344,Speeches,1996,rep,MI
3345,Speeches,1996,rep,MI
3346,Speeches,1996,rep,MI
3347,Speeches,1996,rep,OH
3348,Speeches,1996,rep,MI
3349,Speeches,1996,rep,MI
3350,Speeches,1996,rep,GA
3351,Speeches,1996,rep,FL
3352,Speeches,1996,rep,FL
3353,Speeches,1996,rep,FL
3354,Speeches,1996,rep,AL
3355,Speeches,1996,rep,TX
3356,Speeches,1996,rep,TX
3357,Speeches,1996,rep,AZ
3358,Speeches,1996,rep,CA
3359,Speeches,1996,rep,CA
3360,Speeches,1996,rep,AL
3361,Speeches,1996,rep,CA
3362,Speeches,1996,rep,CA
3363,Speeches,1996,rep,CA
3364,Speeches,1996,rep,CA
3365,Speeches,1996,rep,CA
3366,Speeches,1996,rep,CA
3367,Speeches,1996,rep,TN
3368,Speeches,1996,rep,FL
3369,Speeches,1996,rep,FL
3370,Speeches,1996,rep,OH
3371,Speeches,1996,rep,OH
3372,Speeches,1996,rep,MI
3373,Speeches,1996,rep,
3374,Speeches,1996,rep,IN
3375,Speeches,1996,rep,KY
3376,Speeches,1996,rep,TX
3377,Speeches,1996,rep,NM
3378,Speeches,1996,rep,
