,text,candidate,term,title,comp
10,"Now it falls to us. And I need you to make it happen. If you want the next four years looking just like the last eight, then I am not your candidate. But if you want real change – if you want an economy that rewards work, and that works for Main Street and Wall Street; if you want tax relief for the middle class and millions of new jobs; if you want health care you can afford and education that helps your kids compete; then I ask you to knock on some doors, make some calls, talk to your neighbors, and give me your vote on November 4th. And if you do, I promise you – we will win Colorado, we will win this election, and we will change America together.",obama,2008,2008-09-29-remarks-westminster-colorado,FALSE
11,"God bless you, Virginia. God bless the United States of America.",obama,2012,2012-09-27-virginia-beach-virginia,FALSE
12,"God bless you, and God bless the United States of America.",obama,2012,2012-09-08-rally-seminole-florida,FALSE
13,"God bless you, and God bless the United States of America.",obama,2012,2012-10-24-rally-denver-colorado,FALSE
14,"God bless you, and God bless the United States of America.",obama,2012,2012-09-12-vegas-nevada-0,FALSE
15,"God bless you, and God bless the United States of America.",obama,2012,2012-09-17-cincinnati-ohio-0,FALSE
16,"God bless you, and God bless the United States of America.",obama,2012,2012-11-03-rally-mentor-ohio,FALSE
17,"God bless you, and God bless the United States of America.",obama,2012,2012-11-04-rally-hollywood-florida,FALSE
18,"God bless you, and God bless the United States of America.",obama,2012,2012-10-27-nashua-new-hampshire,FALSE
19,"God bless you, and God bless the United States of America.",obama,2012,2012-10-23-delray-beach-florida,FALSE
20,"God bless you, and God bless the United States of America.",obama,2012,2012-11-05-rally-madison-wisconsin,FALSE
21,"God bless you, and God bless the United States of America.",obama,2012,2012-09-13-rally-golden-colorado,FALSE
22,"God bless you, and God bless the United States of America.",obama,2012,2012-11-03-rally-dubuque-iowa,FALSE
23,"God bless you, and God bless the United States of America.",obama,2012,2012-09-08-rally-kissimmee-florida,FALSE
24,"God bless you, and God bless the United States of America.",obama,2012,2012-10-25-rally-cleveland-ohio,FALSE
25,"God bless you, and God bless the United States of America.",obama,2012,2012-09-09-rally-melbourne-florida,FALSE
26,"God bless you, and God bless the United States of America.",obama,2012,2012-10-25-rally-tampa-florida,FALSE
27,"God bless you, and God bless the United States of America.",obama,2012,2012-10-24-rally-davenport-iowa,FALSE
28,"God bless you, and God bless the United States of America.",obama,2012,2012-10-18-manchester-new-hampshire,FALSE
29,"God bless you, Ohio. God bless the United States of America. Let's go vote. Let's go do this.",obama,2012,2012-11-05-rally-columbus-ohio,FALSE
30,"The flag they served under now carries them home. May God bless the memory of these men who laid down their lives for us all, may God watch over your families and all who loved them, and may God bless these United States of America.",obama,2012,2012-09-14-mission-benghazi-libya,FALSE
31,"Now it falls to us. Together, we cannot fail. And I need you to make it happen. If you want the next four years looking like the last eight, then I am not your candidate. But if you want real change – if you want an economy that rewards work, and that works for Main Street and Wall Street; if you want tax relief for the middle class and millions of new jobs; if you want health care you can afford and education that helps your kids compete; then I ask you to knock on some doors, make some calls, talk to your neighbors, and give me your vote. In Colorado, you can vote early right here, and right now. To find out how, just go to voteforchange.com. And if you stand with me in nine days, I promise you – we will win Colorado, we will win this election, and then you and I – together – will change this country and change this world. Thank you, God bless you, and may God bless America.",obama,2008,2008-10-26-denver-colorado-3,FALSE
32,"Now it falls to us. Together, we cannot fail. Together, we can overcome the broken policies and divided politics of the last eight years. Together, we can renew an economy that rewards work and rebuilds the middle class. Together, we can create millions of new jobs, and deliver on the promise of health care you can afford and education that helps your kids compete. We can do this if we come together; if we have confidence in ourselves and each other; if we look beyond the darkness of the day to the bright light of hope that lies ahead. Together, we can change this country and change this world. Thank you, God bless you, and may God bless America.",obama,2008,2008-10-13-toledo-ohio-1,FALSE
33,"Now it falls to us. Together, we cannot fail. Together, we can overcome the broken policies and divided politics of the last eight years. Together, we can renew an economy that rewards work and rebuilds the middle class. Together, we can create millions of new jobs, and deliver on the promise of health care you can afford and education that helps your kids compete. We can do this if we come together; if we have confidence in ourselves and each other; if we look beyond the darkness of the day to the bright light of hope that lies ahead. Together, we can change this country and change this world. Thank you, God bless you, and may God bless America.",obama,2008,2008-10-10-chillicothe-ohio-1,FALSE
34,God bless you. God bless the United States of America.,obama,2012,2012-10-11-rally-miami-florida,FALSE
35,God bless you. God bless the United States of America.,obama,2012,2012-11-03-rally-milwaukee-wisconsin,FALSE
36,God bless you. God bless the United States of America.,obama,2012,2012-10-08-rally-san-francisco,FALSE
37,God bless you. God bless the United States of America.,obama,2012,2012-09-30-vegas-nevada-1,FALSE
38,God bless you. God bless the United States of America.,obama,2012,2012-11-03-rally-bristow-virginia,FALSE
39,Let's get to work. Seven more weeks. God bless you. God bless America.,obama,2012,2012-09-17-cio-convention-columbus,FALSE
40,God bless you. God bless your families. And may God bless the United States of America. Thank you very much.,obama,2012,2012-10-18-york-city-0,FALSE
41,"So thank you so much, everybody. God bless you. Appreciate you. Bey, Jay, thank you.",obama,2012,2012-09-18-york-city-20,FALSE
42,God bless you. God bless the United States.,obama,2012,2012-09-21-rally-woodbridge-virginia,FALSE
43,"Thank you, God bless you, and God bless America.",obama,2008,2008-09-10-gala-washington-dc,FALSE
44,"Thank you, God bless you, and God bless America.",obama,2008,2008-09-20-beach-florida-1,FALSE
45,"Thank you, God bless you, and God bless America.",kerry,2004,2004-08-24-new-york-city,FALSE
46,"Thank you, God bless you, and God bless America.",kerry,2004,2004-10-20-waterloo-iowa-0,FALSE
47,"Thank you, God bless you, and God bless America.",kerry,2004,2004-10-19-barre-pennsylvania-1,FALSE
48,"Thank you, God bless you, and God bless America.",kerry,2004,2004-09-16-general-conference-las,FALSE
49,Thank you. Thank you.,obama,2012,2012-09-22-milwaukee-wisconsin-0,FALSE
50,"Thank you. God bless you, and God bless these United States.",obama,2012,2012-09-06-national-convention-charlotte,FALSE
51,"Thank you, California. God bless you, and God bless the United States of America.",obama,2012,2012-10-07-los-angeles-california,FALSE
52,"God bless you, everybody. God bless the United States of America.",obama,2012,2012-10-05-cleveland-ohio-0,FALSE
53,"The President. Thank you, everybody.",obama,2012,2012-10-08-monument-keene-california,FALSE
54,"Now it falls to us. Together, we cannot fail. And I need you to make it happen. If you want the next four years looking like the last eight, then I am not your candidate. But if you want real change - if you want an economy that rewards work, and that works for Main Street and Wall Street; if you want tax relief for the middle class and millions of new jobs; if you want health care you can afford and education that helps your kids compete; then I ask you to knock on some doors, make some calls, talk to your neighbors, and give me your vote. And if you stand with me in thirteen days, I promise you - we will win Virginia, we will win this election, and then you and I - together - will change this country and change this world. Thank you, God bless you, and may God bless America.",obama,2008,2008-10-22-richmond-virginia-0,FALSE
55,Thank you very much.,obama,2012,2012-09-25-york-city-12,FALSE
56,"""Once again, I call upon Senator McCain to join me in supporting a bipartisan bill to increase pressure on the Iranian regime by allowing states and private companies to divest from companies doing business in Iran. The security of our ally Israel is too important to play partisan politics, and it is deeply disappointing that Senator McCain and a few of his allies in Congress feel otherwise,"" said Senator Barack Obama.",obama,2008,2008-09-23-president-ahmadinejads-remarks,FALSE
57,"Thank you, everybody. God bless you. Let's go get this done.",obama,2012,2012-10-11-2012-fundraiser-miami,FALSE
58,"Because I know that if we can just bring our education system into the 21st century, not only will our children be able to fulfill their God-given potential, and our families be able to live out their dreams; not only will our schools out-educate the world and our workers outcompete the world; not only will our companies innovate more and our economy grow more, but at this defining moment, we will do what previous generations of Americans have done – and unleash the promise of our people, unlock the promise of our country, and make sure that America remains a beacon of opportunity and prosperity for all the world. Thank you.",obama,2008,2008-09-09-dayton-ohio-4,FALSE
59,God bless you. God bless America.,obama,2012,2012-11-02-campaign-rally-springfield,FALSE
60,God bless you. God bless America.,obama,2012,2012-09-09-palm-beach-florida,FALSE
61,God bless you. God bless America.,obama,2012,2012-09-17-columbus-ohio-0,FALSE
62,"And if you keep standing with me, if you keep fighting with me, if you keep making those calls, and knocking on those doors, and making sure everyone you know gets out to the polls on November 4th - if you do these things, then I promise you, we will win this election, and then you and I - together - will change this country and change this world. Thank you, God bless you, and may God bless America.",obama,2008,2008-10-11-philadelphia-pennsylvania-2,FALSE
63,"I love you. Let's go vote. Let's keep moving forward. God bless you, and God bless the United States of America.",obama,2012,2012-11-05-des-moines-iowa,FALSE
64,So I want to say thank you to all of you. Congratulations. I'm going to invite Coach to come up and just say a few words.,obama,2012,2012-09-18-champion-minnesota-lynx,FALSE
65,"Now it falls to us. And I need you to make it happen. If you want the next four years looking just like the last eight, then I am not your candidate. But if you want real change - if you want an economy that rewards work, and that works for Main Street and Wall Street; if you want tax relief for the middle class and millions of new jobs; if you want health care you can afford and education that helps your kids compete; then I ask you to knock on some doors, make some calls, talk to your neighbors, and give me your vote on November 4th. And if you do, I promise you - we will win Michigan, we will win this election, and we will change America together.",obama,2008,2008-09-28-remarks-detroit-michigan,FALSE
66,"God bless you, and God bless the United States of America. Hey!",obama,2012,2012-11-04-rally-cincinnati-ohio,FALSE
67,"God bless the memories of those we lost, and God bless these United States of America.",obama,2012,2012-09-11-arlington-virginia-3,FALSE
68,"Thank you, Ohio. God bless you. God bless America.",obama,2012,2012-09-26-rally-kent-ohio,FALSE
69,"Thank you, Nevada. God bless you, and God bless the United States of America.",obama,2012,2012-10-24-las-vegas-nevada,FALSE
70,"Thank you, Ohio! I love you. Thank you.",obama,2012,2012-10-17-rally-athens-ohio,FALSE
71,I'd now like to open up a discussion with the folks here on stage with me and have a chance to hear their thoughts and ideas.,obama,2008,2008-10-21-worth-florida-0,FALSE
72,"Now it falls to us. Together, we cannot fail. And I need you to make it happen. If you want the next four years looking like the last eight, then I am not your candidate. But if you want real change – if you want an economy that rewards work, and that works for Main Street and Wall Street; if you want tax relief for the middle class and millions of new jobs; if you want health care you can afford and education that helps your kids compete; then I ask you to knock on some doors, make some calls, talk to your neighbors, and give me your vote on November 4th. And if you do, I promise you – we will win Virginia, we will win this election, and then you and I – together – will change this country and change this world. Thank you, God bless you, and may God bless America.",obama,2008,2008-10-17-roanoke-virginia-0,FALSE
73,"All right. Thank you very much, everybody.",obama,2012,2012-10-28-sandy-preparedness-efforts,FALSE
74,"Thank you, Ohio. Let's go vote. Let's go win this election!",obama,2012,2012-10-09-columbus-ohio-1,FALSE
75,"Now it falls to us. And I need you to make it happen. If you want the next four years looking just like the last eight, then I am not your candidate. But if you want real change - if you want an economy that rewards work, and that works for Main Street and Wall Street; if you want tax relief for the middle class and millions of new jobs; if you want health care you can afford and education that helps your kids compete; then I ask you to knock on some doors, make some calls, talk to your neighbors, and give me your vote on November 4th. And if you do, I promise you - we will win North Carolina, we will win this election, and we will change America together.",obama,2008,2008-09-21-north-carolina-0,FALSE
76,"Now it falls to us. And I need you to make it happen. If you want the next four years looking just like the last eight, then I am not your candidate. But if you want real change - if you want an economy that rewards work, and that works for Main Street and Wall Street; if you want tax relief for the middle class and millions of new jobs; if you want health care you can afford and education that helps your kids compete; then I ask you to knock on some doors, make some calls, talk to your neighbors, and give me your vote on November 4th. And if you do, I promise you - we will win North Carolina, we will win this election, and we will change America together.",obama,2008,2008-09-27-north-carolina-1,FALSE
77,"God bless you, Madison. God bless you, Wisconsin. God bless the United States of America.",obama,2012,2012-10-04-madison-wisconsin-0,FALSE
78,"In that spirit, Michelle and I wish you and your families a sweet year full of health, happiness, and peace. L'Shana Tovah.",obama,2012,2012-09-13-and-yom-kippur,FALSE
79,"Now it falls to us. Together, we cannot fail. And I need you to make it happen. If you want the next four years looking like the last eight, then I am not your candidate. But if you want real change - if you want an economy that rewards work, and that works for Main Street and Wall Street; if you want tax relief for the middle class and millions of new jobs; if you want health care you can afford and education that helps your kids compete; then I ask you to knock on some doors, make some calls, talk to your neighbors, and give me your vote on November 4th. And if you do, I promise you - we will win Indiana, we will win this election, and then you and I - together - will change this country and change this world. Thank you, God bless you, and may God bless America.",obama,2008,2008-10-08-indianapolis-indiana-5,FALSE
80,"The election will take care of itself next week. Right now our number-one priority is to make sure that we are saving lives; that our search-and-rescue teams are going to be in place; that people are going to get the food, the water, the shelter that they need in case of emergency; and that we respond as quickly as possible to get the economy back on track. All right?",obama,2012,2012-10-29-and-exchange-with,FALSE
81,"Thank you, everybody. God bless you. God bless America. Hey!",obama,2012,2012-11-02-rally-hilliard-ohio,FALSE
82,"God bless you, everybody. God bless America.",obama,2012,2012-09-26-bowling-green-ohio,FALSE
83,"Thank you, Wisconsin. Get out there and vote! Thank you. God bless you, and God bless America.",obama,2012,2012-11-01-green-bay-wisconsin,FALSE
84,God bless you. God bless the United States of America. Remember to vote!,obama,2012,2012-11-01-rally-boulder-colorado,FALSE
85,"Now it falls to us. Together, we cannot fail. And I need you to make it happen. If you want the next four years looking like the last eight, then I am not your candidate. But if you want real change - if you want an economy that rewards work, and that works for Main Street and Wall Street; if you want tax relief for the middle class and millions of new jobs; if you want health care you can afford and education that helps your kids compete; then I ask you to knock on some doors, make some calls, talk to your neighbors, and give me your vote on November 4th. And if you do, I promise you - we will win Missouri, we will win this election, and then you and I - together - will change this country and change this world. Thank you, God bless you, and may God bless America.",obama,2008,2008-10-18-louis-missouri-3,FALSE
86,God bless you. God bless the United States of America. Hey!,obama,2012,2012-10-19-fairfax-virginia-0,FALSE
87,Thank you so much.,obama,2012,2012-09-20-question-and-answer,FALSE
88,"Let's go get it, New Hampshire. Thank you. God bless you. God bless the United States of America.",obama,2012,2012-11-04-concord-new-hampshire,FALSE
89,"Now it falls to us. Together, we cannot fail. And I need you to make it happen. If you want the next four years looking like the last eight, then I am not your candidate. But if you want real change - if you want an economy that rewards work, and that works for Main Street and Wall Street; if you want tax relief for the middle class and millions of new jobs; if you want health care you can afford and education that helps your kids compete; then I ask you to knock on some doors, make some calls, talk to your neighbors, and give me your vote on November 4th. And if you do, I promise you - we will win Ohio, we will win this election, and then you and I - together - will change this country and change this world. Thank you, God bless you, and may God bless America.",obama,2008,2008-10-09-dayton-ohio-2,FALSE
90,"Thank you. God bless you, and God bless America.",obama,2012,2012-09-07-portsmouth-new-hampshire,FALSE
91,"America, together, we cannot fail. Not now. Not when we have a crisis to solve and an economy to save. Not when there are so many Americans without jobs and without homes. Not when there are families who can't afford to see a doctor, or send their child to college, or pay their bills at the end of the month. Not when there is a generation that is counting on us to give them the same opportunities and the same chances that we had for ourselves. Now is the time to make them proud of what we did here. Let's give our children the future they deserve, and let's act with confidence and courage to show the world that at this moment, in this election, the United States of America is still the last, best hope of Earth. Thank you Nevada, God bless you, and may God bless America.",obama,2008,2008-09-30-reno-nevada-1,FALSE
92,"So I just want to say thank you to all of you. And I'm going to come shake some hands, all right. It's great to see you guys. Thank you.",obama,2012,2012-11-02-rally-springfield-ohio,FALSE
93,"So God bless you. Marine Band, let's hit the music! I love this!",obama,2012,2012-09-14-and-paralympic-teams,FALSE
94,"So thank you, everybody. I'm proud of you. And I will be seeing you in your home States sometime soon.",obama,2012,2012-09-06-democratic-national-convention,FALSE
95,"Now it falls to us. And I need you to make it happen. If you want the next four years looking just like the last eight, then I am not your candidate. But if you want real change - if you want an economy that rewards work, and that works for Main Street and Wall Street; if you want tax relief for the middle class and millions of new jobs; if you want health care you can afford and education that helps your kids compete; then I ask you to knock on some doors, make some calls, talk to your neighbors, and give me your vote on November 4th. And if you do, I promise you - we will win Florida, we will win this election, and we will change America together.",obama,2008,2008-09-24-remarks-dunedin-florida,FALSE
96,And I've still got a lot of fight in me. So I hope you've got a lot of fight in you. Let's get to work. Thank you.,obama,2012,2012-09-28-2012-fundraiser-6,FALSE
97,"Thank you, God Bless you, and and God Bless the United States of America.",obama,2008,2008-08-28-national-convention-denver,FALSE
98,"We need to change course. At home, we must invest in the competitiveness of the American economy. Abroad, we need a new direction that ends the war in Iraq, focuses on the fight against al Qaeda and the Taliban, and restores strong alliances and tough American diplomacy. To keep our country safe and prosperous, we need leadership that brings the American people together. That is the lesson of our history. Together, we cannot fail; together, we can rise to meet any challenge.",obama,2008,2008-10-22-national-security-avail,FALSE
99,"This election is our chance to choose an economy that rewards your work and advances your dreams. But I need your help. I ask you to knock on some doors, and make some calls, and talk to your neighbors, and give me your vote on November 4th. And if you do, I promise you - we will change America together. Thank you.",obama,2008,2008-09-12-dover-new-hampshire,FALSE
100,"God bless you, and God bless the United States of America. Now let's go vote!",obama,2012,2012-11-02-rally-lima-ohio,FALSE
101,God bless you. Let's get to work. Let's move forward.,obama,2012,2012-09-07-iowa-city-iowa,FALSE
102,"Thank you, everybody.",obama,2012,2012-09-28-2012-fundraiser-5,FALSE
103,"I've never seen a time when more Americans have been knocked down. It's time for us to get up, together, and bring the change we need...to the country we love. America is ready. You are ready. I am ready. And Barack Obama is ready. It is our time. It is America's time. So let's get up. God bless America. And may God protect our troops.",obama,2008,2008-10-24-west-virginia-1,FALSE
104,"Now it falls to us. Together, we cannot fail. And I need you to make it happen. If you want the next four years looking just like the last eight, then I am not your candidate. But if you want real change - if you want an economy that rewards work, and that works for Main Street and Wall Street; if you want tax relief for the middle class and millions of new jobs; if you want health care you can afford and education that helps your kids compete; then I ask you to knock on some doors, make some calls, talk to your neighbors, and give me your vote on November 4th. And if you do, I promise you - we will win Wisconsin, we will win this election, and we will change America together. Thank you La Crosse, God bless you, and may God bless America.",obama,2008,2008-10-01-crosse-wisconsin-1,FALSE
105,"Now it falls to us. Together, we cannot fail. And I need you to make it happen. If you want the next four years looking like the last eight, then I am not your candidate. But if you want real change - if you want an economy that rewards work, and that works for Main Street and Wall Street; if you want tax relief for the middle class and millions of new jobs; if you want health care you can afford and education that helps your kids compete; then I ask you to knock on some doors, make some calls, talk to your neighbors, and give me your vote on November 4th. And if you do, I promise you - we will win New Hampshire, we will win this election, and then you and I - together - will change this country and change this world. Thank you, God bless you, and may God bless America.",obama,2008,2008-10-15-londonderry-new-hampshire,FALSE
106,"Now it falls to us. Together, we cannot fail. And I need you to make it happen. If you want the next four years looking like the last eight, then I am not your candidate. But if you want real change - if you want an economy that rewards work, and that works for Main Street and Wall Street; if you want tax relief for the middle class and millions of new jobs; if you want health care you can afford and education that helps your kids compete; then I ask you to knock on some doors, make some calls, talk to your neighbors, and give me your vote on November 4th. And if you do, I promise you - we will win Pennsylvania, we will win this election, and then you and I - together - will change this country and change this world. Thank you, God bless you, and may God bless America.",obama,2008,2008-10-03-remarks-abington-pennsylvania,FALSE
107,"Thank you very much, everybody. God bless you. God bless America.",obama,2012,2012-09-25-york-city-1,FALSE
108,"Now it falls to us. Together, we cannot fail. And I need you to make it happen. If you want the next four years looking like the last eight, then I am not your candidate. But if you want real change - if you want an economy that rewards work, and that works for Main Street and Wall Street; if you want tax relief for the middle class and millions of new jobs; if you want health care you can afford and education that helps your kids compete; then I ask you to knock on some doors, make some calls, talk to your neighbors, and give me your vote. In Florida, you can vote early right here, and right now. To find out how, just go to voteforchange.com. And if you stand with me, I promise you - we will win Florida, we will win this election, and then you and I - together - will change this country and change this world. Thank you, God bless you, and may God bless America.",obama,2008,2008-10-21-miami-florida-5,FALSE
109,"The President. Thank you so much, Jane. Take care, everybody.",obama,2012,2012-09-21-session-new-orleans,FALSE
110,"God bless you, Virginia. Thank you. God bless the United States of America.",obama,2012,2012-10-05-rally-fairfax-virginia,FALSE
111,"So if you want the next four years in Washington to look just like the last eight, then I am not your candidate. But if you want real change - if you want to shine a bright light into the backrooms of Washington; if you want to replace the special interests with your interests, if you want a government that costs less and works better for everyday Americans, then I ask you to knock on some doors, and make some calls, and talk to your neighbors, and give me your vote on November 4th. And if you do, I promise you - we will change America together. Thank you.",obama,2008,2008-09-22-green-bay-wisconsin,FALSE
112,"God bless you. Thank you, Virginia. God bless America.",obama,2012,2012-10-25-rally-richmond-virginia,FALSE
113,"and find out where to vote - and remember, you can vote early here in Florida. If you will stand with me, and fight by my side, and cast your ballot for me, then I promise you this - we will not just win Florida, we will not just win this election, but together, we will change this country and we will change the world. Thank you, God bless you, and may God bless America.",obama,2008,2008-10-30-sarasota-florida-0,FALSE
114,"Thank you, everybody. God bless you, and God bless the United States of America. Hey!",obama,2012,2012-10-04-campaign-rally-denver,FALSE
115,"Now it falls to us. Together, we cannot fail. And I need you to make it happen. If you want the next four years looking like the last eight, then I am not your candidate. But if you want real change – if you want an economy that rewards work, and that works for Main Street and Wall Street; if you want tax relief for the middle class and millions of new jobs; if you want health care you can afford and education that helps your kids compete; then I ask you to knock on some doors, make some calls, talk to your neighbors, and give me your vote today. In North Carolina, starting today, you can early vote right here, and right now. And if you do, I promise you – we will win North Carolina, we will win this election, and then you and I – together – will change this country and change this world. Thank you, God bless you, and may God bless America.",obama,2008,2008-10-19-north-carolina-0,FALSE
116,"Thank you very much, everybody.",obama,2012,2012-11-03-management-agency-headquarters,FALSE
117,God bless you. God bless America. Go out and vote!,obama,2012,2012-11-04-denver-colorado-0,FALSE
118,"God bless you, Ohio. God bless the United States of America.",obama,2012,2012-10-23-rally-dayton-ohio,FALSE
119,Thank you. God bless you. And God bless the United States of America.,obama,2008,2008-10-30-columbia-missouri-0,FALSE
120,"God bless you, and God bless the United States of America. Let's go vote! Let's get this done!",obama,2012,2012-11-01-las-vegas-nevada,FALSE
121,"Now it falls to us. Together, we cannot fail. And I need you to make it happen. If you want the next four years looking like the last eight, then I am not your candidate. But if you want real change - if you want an economy that rewards work, and that works for Main Street and Wall Street; if you want tax relief for the middle class and millions of new jobs; if you want health care you can afford and education that helps your kids compete; then I ask you to knock on some doors, make some calls, talk to your neighbors, and give me your vote. In Indiana, you can vote early right here, and right now. To find out how, just go to voteforchange.com. And if you stand with me, I promise you - we will win Indiana, we will win this election, and then you and I - together - will change this country and change this world. Thank you, God bless you, and may God bless America.",obama,2008,2008-10-23-indianapolis-indiana-3,FALSE
122,"Now it falls to us. Together, we cannot fail. And I need you to make it happen. If you want the next four years looking like the last eight, then I am not your candidate. But if you want real change - if you want an economy that rewards work, and that works for Main Street and Wall Street; if you want tax relief for the middle class and millions of new jobs; if you want health care you can afford and education that helps your kids compete; then I ask you to knock on some doors, make some calls, talk to your neighbors, and give me your vote. In Nevada, you can vote early right here, and right now. To find out how, just go to voteforchange.com. And if you stand with me in ten days, I promise you - we will win Nevada, we will win this election, and then you and I - together - will change this country and change this world. Thank you, God bless you, and may God bless America.",obama,2008,2008-10-25-reno-nevada-2,FALSE
123,"So thank you very much, everybody. God bless you. Thank you.",obama,2012,2012-09-18-york-city-10,FALSE
124,"God bless you, and God bless America.",obama,2012,2012-10-17-mount-vernon-iowa,FALSE
125,"Now it falls to us. And I need you to make it happen. If you want the next four years looking just like the last eight, then I am not your candidate. But if you want real change - if you want an economy that rewards work, and that works for Main Street and Wall Street; if you want tax relief for the middle class and millions of new jobs; if you want health care you can afford and education so that our kids can compete; then I ask you to knock on some doors, and make some calls, and talk to your neighbors, and give me your vote on November 4th. And if you do, I promise you - we will win Nevada, we will win this election, and we will change America together.",obama,2008,2008-09-17-remarks-elko-nevada,FALSE
126,"Now it falls to us. And I need you to make it happen. If you want the next four years looking just like the last eight, then I am not your candidate. But if you want real change - if you want an economy that rewards work, and that works for Main Street and Wall Street; if you want tax relief for the middle class and millions of new jobs; if you want health care you can afford and education so that our kids can compete; then I ask you to knock on some doors, and make some calls, and talk to your neighbors, and give me your vote on November 4th. And if you do, I promise you - we will win Colorado, we will win this election, and we will change America together.",obama,2008,2008-09-16-remarks-golden-colorado,FALSE
127,"Now it falls to us. Together, we cannot fail. And I need you to make it happen. If you want the next four years looking just like the last eight, then I am not your candidate. But if you want real change - if you want an economy that rewards work, and that works for Main Street and Wall Street; if you want tax relief for the middle class and millions of new jobs; if you want health care you can afford and education that helps your kids compete; then I ask you to knock on some doors, make some calls, talk to your neighbors, and give me your vote on November 4th. And if you do, I promise you - we will win Michigan, we will win this election, and then you and I - together - will change this country and change this world. Thank you, God bless you, and may God bless America.",obama,2008,2008-10-02-rapids-michigan-2,FALSE
128,"Now it falls to us. Together, we cannot fail. And I need you to make it happen. If you want the next four years looking like the last eight, then I am not your candidate. But if you want real change - if you want an economy that rewards work, and that works for Main Street and Wall Street; if you want tax relief for the middle class and millions of new jobs; if you want health care you can afford and education that helps your kids compete; then I ask you to knock on some doors, make some calls, talk to your neighbors, and give me your vote. In Florida, starting today, you can vote early right here, and right now. To find out how, just go to voteforchange.com. And if you stand with me, I promise you - we will win Florida, we will win this election, and then you and I - together - will change this country and change this world. Thank you, God bless you, and may God bless America.",obama,2008,2008-10-20-tampa-bay-florida,FALSE
129,"MODERATOR: And by the way, one tip: Going to Harvard Business School makes you very good at taking tests in the future. MR. ROMNEY: (Laughs.) MODERATOR: Governor, our time has reached its conclusion. On behalf of all of us affiliated with Education Nation, thank you very much for taking our questions.",romney,2012,2012-09-25-new-york-city,TRUE
130,I believe in America. I believe in you. I believe our future is bright because I believe in the greatness of the American spirit. We're going to overcome the challenges we have. I'm counting on Florida to win this for me on November 6th so that we can take back this country and make it strong again.,romney,2012,2012-10-06-event-apopka-florida,FALSE
131,"And that means let's hear some numbers. Let's hear 16 — $16 trillion of debt. This is very different than the promise he made. Let's hear the number 47 — 47 million people in this country on food stamps. When he took office, 33 million people were on food stamps. Let's understand why it was he's been unsuccessful in helping alleviate poverty in this country, why so many people have fallen from the middle class into poverty under this president. Let's have him explain to the American people the 50 percent number: why 50 percent of college graduates can't find work or work that's consistent with their college degree. The president needs to report tonight on his promises rather than try and reset a whole series of new promises that he also won't be able to keep.",romney,2012,2012-09-06-new-hampshire-0,FALSE
132,So I need your help. I need your help —,romney,2012,2012-09-07-nashua-new-hampshire,FALSE
133,Thank you so very much. Thank you.,romney,2012,2012-09-25-event-vandalia-ohio,FALSE
134,Thank you so very much. Thank you.,romney,2012,2012-09-27-event-springfield-virginia,FALSE
135,"We're blessed to live in a country where freedom is so highly cherished, where it is so fiercely protected and where it's so admirably defended by the noble men and women of the National Guard. I respect you. I admire you. I respect and admire the men and women who serve with you. You are a great force for good in America and in the world. Our debt of gratitude can never be repaid expect by saying, God bless you, God bless the United States of America, and God bless the great people of the National Guard. Thank you so very much.",romney,2012,2012-09-11-general-conference-and,FALSE
136,"That's what Americans do. When there's a challenge, when there's a threat, we go there. When things are tough, we don't give up; we keep fighting. There's a — there's a — a saying that I've found pretty compelling: Clear eyes, full hearts, can't lose. That's Americans. We have clear eyes — we know what we believe; full hearts — we love this country; and we can't lose. This is a time for America to make a choice. With clear eyes and full hearts, we will not lose. We're going to take back this country and keep America the hope of the earth.",romney,2012,2012-10-10-mount-vernon-ohio,FALSE
137,"This is the day we've got to come together and lock arms. We've got to work together. I'm counting on you, Virginia. We have to win this. Find someone who voted for Barack Obama. Get them to join our team. We're going to take back America and make sure that we remain the hope of the earth. Thank you, guys. Great to be with you. Thank you. Let's win this one. (Sustained cheers, applause.)",romney,2012,2012-09-13-event-fairfax-virginia,FALSE
138,"We're going to get America back. We're going to take this country, get good jobs, rising take-home pay, keep us strong overseas, support our military. America is coming back. This is the comeback team. I love America. I believe in you. I believe our brightest days are ahead. Thank you so very much. Sure love you. Thank you for being here. (Sustained cheers, applause.)",romney,2012,2012-10-23-event-henderson-nevada,FALSE
139,Thank you so very much. Thank you!,romney,2012,2012-10-07-st-lucie-florida,FALSE
140,"Thank you so much for your participation in this great charge. God bless you, and God bless the United States of America. Thank you very much.",romney,2012,2012-10-08-virginia-the-mantle,FALSE
141,"This is time — this is time for North Carolina, for the entire country to come together and say we're taking America back. We're going to strengthen our families. We're going to strengthen our values. We're going to strengthen our economy. We're going to strengthen our military. We're going to make sure that America has the capacity to lead the world and to care for our families. I love America! I believe in you! I believe in America! We're going to take back this country and keep it the hope of the Earth! Thank you so very much! You guys are the best! Thank you! Thank you!",romney,2012,2012-10-11-asheville-north-carolina,FALSE
142,"You deserve that after these four years of trouble that you've had. We're tired of being tired in America. We're tired of being told that someone else is responsible for our difficulties. Look, it's time for us to take responsibility for the course of America to get us back on track. You can change the course of this country. We're going to take America back. The future demands it. The future is out there for us to take it. Our kids deserve it. You deserve it. The nation deserves it. Peace on the planet depends on it. Thank you so much! We're going to take back America. Thank you! Thank you!",romney,2012,2012-09-01-event-jacksonville-florida,FALSE
143,"America's coming back. We're going to have a real recovery. Thank you, guys.",romney,2012,2012-10-17-rally-leesburg-virginia,FALSE
144,"If I am elected President of these United States, I will work with all my energy and soul to restore that America, to lift our eyes to a better future. That future is our destiny. That future is out there. It is waiting for us. Our children deserve it, our nation depends upon it, the peace and freedom of the world require it. And with your help we will deliver it. Let us begin that future together tonight.",romney,2012,2012-08-30-national-convention-tampa,FALSE
145,I will do everything to get this country right again. That's my commitment to you — (audio break) — Obama and get them to come join our team. This is not about one person. It's not about a political party. It's about our country. The soul of America is at stake. This is a time we have to come together and take back America. We're going to do it. Ohio's going to elect me the next president of the United States. And we'll do it together. Thank you so very much! Great to be with you! Thank you!,romney,2012,2012-10-09-event-cuyahoga-falls,FALSE
146,"God bless you and this great work, and God bless my country and yours. Thank you so very much. It's an honor to be with you.",romney,2012,2012-09-25-york-city-1,FALSE
147,"Thank you so very much, Nevada.",romney,2012,2012-09-21-las-vegas-nevada,FALSE
148,Thank you so very much.,romney,2012,2012-09-17-los-angeles-california,FALSE
149,Thank you so much. Thank you. Thank you.,romney,2012,2012-10-13-remarks-portsmouth-ohio,FALSE
150,Thank you.,romney,2012,2012-09-12-exchange-with-reporters,FALSE
151,Thank you.,mccain,2008,2008-09-19-bay-wisconsin-0,FALSE
152,Thank you.,mccain,2008,2008-10-08-remarks-bethlehem-pennsylvania,FALSE
153,Thank you.,clinton,2016,2016-10-29-daytona-beach-florida,FALSE
154,Thank you.,kerry,2004,2004-09-14-milwaukee-wisconsin-0,FALSE
155,We're a patriotic people. The American people love this country. We love that flag. We love our pledge. We love our God.,romney,2012,2012-09-08-virginia-beach-virginia,FALSE
156,Thank you so very much! Thank you!,romney,2012,2012-09-14-event-painseville-ohio,FALSE
157,Thank you so very much! Thank you!,romney,2012,2012-09-07-orange-city-iowa,FALSE
158,Thank you so very much. Great to be with you.,romney,2012,2012-09-24-event-pueblo-colorado,FALSE
159,"MR. ROMNEY: And you're right, and they're wrong. We're going to win Pennsylvania, and we're going to take the White House. Thank you so very much. Thank you. (Sustained cheers, applause.)",romney,2012,2012-09-28-event-wayne-pennsylvania,FALSE
160,"Thank you, guys. We love this country and we're taking it back. Thank you so much. Thank you.",romney,2012,2012-08-31-victory-rally-lakeland,FALSE
161,Thank you so very much —,romney,2012,2012-10-05-event-abingdon-virginia,FALSE
162,God bless each of you and God bless the United States of America.,romney,2012,2012-11-02-from-day-one,FALSE
163,Thank you so very much. You guys are the very best. Thank you. Thanks so much.,romney,2012,2012-10-10-event-sidney-ohio,FALSE
164,"This is a time — this is a time for us to come together as a nation. We do not have to have the kind of divisiveness and bitterness and recriminations we've seen over the last four years. I will bring us together. I'll put in place those five steps I described. America is going to come roaring back. A better future is head. It's out there waiting for us. Our families deserve it. Our children demand it. The peace of the planet depends upon it. I love America. We're taking this country back. We're going to get America strong again for you, for your children, for the future. God bless the United States of America and God bless the great people of Ohio. Thank you so very much. Thank you.",romney,2012,2012-09-01-event-cincinnati-ohio,FALSE
165,Thank you so very much. Thank you. We've got work to do. Thank you.,romney,2012,2012-09-20-event-sarasota-florida,FALSE
166,Thank you so very much. You guys are the best.,romney,2012,2012-09-10-event-mansfield-ohio,FALSE
167,"I'm counting on you. We have 20 days. I'm going to do everything in my power to get America back and I need your help. I thank you for being here. Get out and vote. Get your friends to vote. Let's take back this great country. Let's restore what makes America America. Thank you so very much. Great to be with you! Thank you! (Extended cheers, applause.)",romney,2012,2012-10-17-rally-chesapeake-virginia,FALSE
168,Thank you so much. Great to be with you! Thank you!,romney,2012,2012-10-12-event-richmond-virginia,FALSE
169,"I want you to go find someone who voted for President Obama last time and convince them — well, just remind them how bad it's been these last four years and tell them to get on the train with us because I'm counting on Florida. We're going to win Florida and we're going to take back the White House. You guys are going to make it happen. We're going to make America strong again. Thank you so very much. Thank you so much, St. Petersburg. You guys are the best. Thank you!",romney,2012,2012-10-05-st-petersburg-florida,FALSE
170,Thank you so much. Your courage encourages me. I can't wait to have your help. Thank you so very much. We love you. Thank you!,romney,2012,2012-10-08-newport-news-virginia,FALSE
171,"I will keep this nation strong with your help. We're taking back the White House. We're going all the way to Washington. Paul Ryan and I are going to get America on track. This nation's coming back. We're going to get our economy going. We're going to keep our military strong. We're going to keep our values first and foremost, the values that shaped the Earth. Thank you so very much! Great to be with you! Thank you!",romney,2012,2012-10-04-event-fishersville-virginia,FALSE
172,God bless you. And God bless America.,romney,2012,2012-10-26-economy-ames-iowa,FALSE
173,I need your help on November 6th and every day till then. (Cheers and applause continuing.) We're going to win Ohio.,romney,2012,2012-09-26-event-westerville-ohio,FALSE
174,"We're going to make it happen. Colorado, you need to make it happen. We can do it together. I love this country. I believe in America. I believe in you. We together can make America the great hope of the Earth it's always been. Thank you so very much! We sure love you guys! Thank you! What a welcome! What a sendoff! Thank you!",romney,2012,2012-10-23-event-morrison-colorado,FALSE
175,"This is not a nation that's great because of our government. It's great because of the heart and passion of the American people. We're going to tap into this, grow this economy, get America strong again. Our bright future is ahead of us. We're going to win in November — November 6th. You guys are going to help get us elected. We're taking back America. We'll be strong again. Your kids will know the future is bright for them. Thank you so very much! You guys are the best! Thank you!",romney,2012,2012-10-19-daytona-beach-florida,FALSE
176,[cheers and applause],romney,2012,2012-09-26-event-toledo-ohio,FALSE
177,"Listen, thank you all for coming. I appreciate your interest. God bless you. Get to work, and we're going to win. Thank you all.",bush,2004,2004-09-10-discussion-portsmouth-ohio,FALSE
178,God bless. Thank you all.,bush,2004,2004-10-25-remarks-greeley-colorado,FALSE
179,God bless. Thank you all.,bush,2004,2004-10-18-marlton-new-jersey,FALSE
180,God bless. Thanks for coming.,bush,2004,2004-09-13-care-muskegon-michigan,FALSE
181,God bless. Thanks for coming.,bush,2004,2004-10-23-fort-myers-florida,FALSE
182,God bless and thanks for coming. Thank you all.,bush,2004,2004-11-01-city-iowa-0,FALSE
183,God bless. Thank you all for coming. Thank you all.,bush,2004,2004-09-13-remarks-holland-michigan,FALSE
184,God bless. Thank you all for coming. Thank you all.,bush,2004,2004-09-10-chillicothe-ohio-0,FALSE
185,God bless. Thank you all for coming. Thank you all.,bush,2004,2004-09-03-remarks-moosic-pennsylvania,FALSE
186,On to victory. Thanks for coming. Thank you all.,bush,2004,2004-11-01-remarks-wilmington-ohio,FALSE
187,May God bless those who hurt. May God bless those who mourn the loss of life. And may God continue to bless this State and our country. Thank you very much.,bush,2004,2004-09-08-center-miami-florida,FALSE
188,God bless. God bless America. Thank you all.,bush,2004,2004-09-30-coral-gables-florida,FALSE
189,"It's my honor to represent you. I look forward to winning this election. I want to thank you for help. May God bless you all, and may God continue to bless our country.",bush,2004,2004-10-09-st-louis-missouri,FALSE
190,"May God bless you, and may God continue to bless the United States of America.",bush,2004,2004-09-14-states-las-vegas,FALSE
191,"God bless. Thank you for coming. I appreciate you being here. Thank you all. Thank you, sir.",bush,2004,2004-10-26-richland-center-wisconsin,FALSE
192,"May God bless you, and may God continue to bless our great country. Thank you all.",bush,2004,2004-09-02-convention-new-york,FALSE
193,"All right, I'm getting the hook. I got to go back to Washington. I can't thank you enough for coming. I'm honored to have your support. Work hard, and we'll carry Iowa and win a great victory in November.",bush,2004,2004-10-04-discussion-clive-iowa,FALSE
194,God bless you all. Thanks for coming. Great to see you all. Thanks for being here. Thank you all.,bush,2004,2004-09-27-remarks-xenia-ohio,FALSE
195,Thank you all.,bush,2004,2004-11-02-reporters-columbus-ohio,FALSE
196,Thank you all.,bush,2004,2004-09-21-and-exchange-with,FALSE
197,Thank you all.,clinton,2016,2016-11-03-dade-city-florida,FALSE
198,Thank you all.,clinton,2016,2016-11-03-raleigh-north-carolina,FALSE
199,Thank you all for coming. God bless your compassion.,bush,2004,2004-09-30-volunteers-stuart-florida,FALSE
200,God bless. Thank you all for coming. Thank you for being here.,bush,2004,2004-09-07-lees-summit-missouri,FALSE
201,Thanks for coming. God bless. Thank you all.,bush,2004,2004-10-27-pontiac-michigan-0,FALSE
202,Thanks for coming. God bless. Thank you all.,bush,2004,2004-10-16-sunrise-florida-0,FALSE
203,"Anyway, thank you all very much.",bush,2004,2004-11-02-reporters-crawford-texas,FALSE
204,Thank you for coming. God bless. On to victory. Thank you all.,bush,2004,2004-11-01-dallas-texas-1,FALSE
205,"And I want to thank you for giving me a chance to be your President. I'm excited about this campaign. I'm looking forward to the next days. I like coming down the stretch. And I appreciate your help. We'll put your good, hard work and your help to good use. We're going to turn out the vote, and we're going to win in November. And I'm honored to have you on my side. Thank you for coming. I appreciate it.",bush,2004,2004-09-17-victory-2004-reception,FALSE
206,"I appreciate the Members of Congress who are here today. I wish they'd come up and join me as, in the great city of Des Moines, Iowa, I sign into law the Working Families Tax Relief Act of 2004.",bush,2004,2004-10-04-des-moines-iowa,FALSE
207,God bless you.,bush,2004,2004-09-03-west-allis-wisconsin,FALSE
208,"The President. Oh, yes. Thanks for coming out. God bless.",bush,2004,2004-09-10-remarks-ironton-ohio,FALSE
209,God bless. On to victory. Thank you all.,bush,2004,2004-10-25-council-bluffs-iowa,FALSE
210,"And may God bless the people of Russia, and may God bless those who suffer. Thank you all very much.",bush,2004,2004-09-12-terrorist-attacks-russia,FALSE
211,"We're going to win on November the 2d, with your help. May God bless you. May God bless our great country. Thank you all for coming.",bush,2004,2004-10-20-discussion-rochester-minnesota,FALSE
212,Thanks for coming. God bless. Thank you all. I appreciate your coming.,bush,2004,2004-10-21-downingtown-pennsylvania-0,FALSE
213,Thank you for coming. May God bless. Thanks for coming.,bush,2004,2004-09-24-education-janesville-wisconsin,FALSE
214,God bless. Thank you all for coming. Thank you all very much. Thank you all.,bush,2004,2004-09-13-creek-michigan-0,FALSE
215,Thanks for coming. God bless you all.,bush,2004,2004-10-11-coors-denver-colorado,FALSE
216,God bless. Thanks for coming. God bless you all. Thank you all.,bush,2004,2004-09-04-remarks-kirtland-ohio,FALSE
217,Thanks for coming. God bless you all. Thanks for being here. Thank you all.,bush,2004,2004-10-02-cuyahoga-falls-ohio,FALSE
218,Thank you all for coming.,bush,2004,2004-09-08-remarks-intelligence-reform,FALSE
219,I want to thank you all for coming out. Thank you for your vote. Thank you for your support. May God bless you all.,bush,2004,2004-09-22-king-prussia-pennsylvania,FALSE
220,God bless. Thank you all for coming. Thank you for coming.,bush,2004,2004-10-20-eau-claire-wisconsin,FALSE
221,May God bless you. Thank you all for coming. Thank you all.,bush,2004,2004-09-22-remarks-latrobe-pennsylvania,FALSE
222,And I want to thank you for your help. God bless you. Thank you all.,bush,2004,2004-10-12-paradise-valley-arizona,FALSE
223,But thank you all. We'll see you during the course of what's going to be a great day. Thanks.,bush,2004,2004-11-01-arrival-pittsburgh-pennsylvania,FALSE
224,Thank you all for coming. God bless.,bush,2004,2004-11-01-des-moines-iowa,FALSE
225,Thank you all for coming. Thank you for your compassion. May God bless the people of Russia and the United States. Thank you very much.,bush,2004,2004-09-24-for-beslan-russia,FALSE
226,"God bless, and thank you for coming. Thank you all.",bush,2004,2004-11-01-new-mexico-3,FALSE
227,"God bless, and thank you for coming. Thank you all.",bush,2004,2004-10-11-remarks-morrison-colorado,FALSE
228,"President Bush. Yes, sir. Thank you.",bush,2004,2004-09-21-new-york-city,FALSE
229,God bless. Thanks for coming. Thank you all.,bush,2004,2004-09-23-bangor-maine-1,FALSE
230,Welcome to the White House. May God bless you. Thanks for coming.,bush,2004,2004-09-23-the-american-indian,FALSE
231,Thank you all for coming. I'm glad you're here. God bless. Thank you all.,bush,2004,2004-10-07-remarks-wausau-wisconsin,FALSE
232,The President. I appreciate your service to the country. I appreciate being in the presence of such fine men and women. May God bless you all. May God keep you safe. May God bless America as well. Thank you all.,bush,2004,2004-09-23-iraq-from-bangor,FALSE
233,God bless. Thanks for coming. On to victory. Thank you all.,bush,2004,2004-09-20-new-york-city,FALSE
234,"God bless, and welcome to the White House.",bush,2004,2004-09-15-heritage-month-reception,FALSE
235,"The President. Thank you, sir. I can't conclude on a better note. Thank you all for coming. God bless.",bush,2004,2004-09-20-derry-new-hampshire,FALSE
236,God bless. God bless you all.,bush,2004,2004-09-17-charlotte-north-carolina,FALSE
237,God bless. God bless our great country. Thank you all. Thanks for coming.,bush,2004,2004-10-06-barre-pennsylvania-0,FALSE
238,God bless. Thank you all for coming. Appreciate you being here. Thank you all.,bush,2004,2004-09-05-parkersburg-west-virginia,FALSE
239,"May God bless you, and may God continue to bless our country. Thank you all.",bush,2004,2004-10-02-builders-columbus-ohio,FALSE
240,We ask God's blessings on everybody who lives here. And may God continue to bless our country. Thank you all for coming.,bush,2004,2004-09-22-efforts-millvale-pennsylvania,FALSE
241,"Mr. Secretary-General, with admiration for your leadership and with confidence in this organization, I offer a toast to you and your service and to the United Nations.",bush,2004,2004-09-21-york-city-2,FALSE
242,Thank you all for coming. God bless. Thank you all.,bush,2004,2004-10-06-farmington-hills-michigan,FALSE
243,"Once again, welcome to the White House. Congratulations. May God continue to bless our country.",bush,2004,2004-10-18-and-paralympic-teams,FALSE
244,Thank you all very much.,bush,2004,2004-10-07-weapons-mass-destruction,FALSE
245,Thank you all very much.,clinton,2016,2016-10-25-coconut-creek-florida,FALSE
246,Thanks for coming. On to victory. God bless.,bush,2004,2004-10-02-discussion-mansfield-ohio,FALSE
247,Gracias. Vamos a ganar. Thank you all.,bush,2004,2004-10-31-remarks-miami-florida,FALSE
248,Thank you all for coming. May God bless.,bush,2004,2004-09-16-care-blaine-minnesota,FALSE
249,God bless. Thank you for coming. Thank you all. Thanks so much.,bush,2004,2004-09-06-poplar-bluff-missouri,FALSE
250,May God bless you. Thank you for coming. I appreciate it. Thank you all. Thank you all very much.,bush,2004,2004-09-07-remarks-columbia-missouri,FALSE
251,"I'm honored that you're here. Thank you for coming. May God bless you, and may God bless America.",bush,2004,2004-10-13-party-phoenix-arizona,FALSE
252,May God bless you all. Thank you.,bush,2004,2004-09-29-lake-wales-florida,FALSE
253,"Thank you, and God bless you, and God bless America.",mccain,2008,2008-09-04-national-convention-saint,FALSE
254,"Stand up, stand up, stand up and fight. America is worth fighting for. Nothing is inevitable here. We never give up. We never quit. We never hide from history. We make history. Now, let's go win this election and get this country moving again.",mccain,2008,2008-10-29-miami-florida-2,FALSE
255,"Stand up, stand up, stand up and fight. America is worth fighting for. Nothing is inevitable here. We never give up. We never quit. We never hide from history. We make history. Now, let's go win this election and get this country moving again.",mccain,2008,2008-10-31-columbus-ohio-5,FALSE
256,"Now, let's go win this election and get this country moving again.",mccain,2008,2008-10-24-denver-colorado-2,FALSE
257,"Now, let's go win this election and get this country moving again.",mccain,2008,2008-10-14-blue-bell-pennsylvania,FALSE
258,"Now, let's go win this election and get this country moving again.",mccain,2008,2008-10-13-virginia-beach-virginia,FALSE
259,"Now, let's go win this election and get this country moving again.",mccain,2008,2008-10-20-remarks-belton-missouri,FALSE
260,"Now, let's go win this election and get this country moving again.",mccain,2008,2008-10-27-dayton-ohio-3,FALSE
261,"Now, let's go win this election and get this country moving again.",mccain,2008,2008-10-16-downingtown-pennsylvania-1,FALSE
262,"Now, let's go win this election and get this country moving again.",mccain,2008,2008-10-17-miami-florida-4,FALSE
263,"Now, let's go win this election and get this country moving again.",mccain,2008,2008-10-28-hershey-pennsylvania-1,FALSE
264,"Now, let's go win this election and get this country moving again.",mccain,2008,2008-10-18-concord-north-carolina,FALSE
265,"Now, let's go win this election and get this country moving again.",mccain,2008,2008-10-22-goffstown-new-hampshire,FALSE
266,"I have seen tough times before. I know how to shake-up Wall Street and Washington. I will get this economy moving. I will lead us through this crisis by fighting for you, and when I am President we will be stronger than ever before.",mccain,2008,2008-09-18-rapids-iowa-3,FALSE
267,Thank you and God bless you.,mccain,2008,2008-10-01-remarks-independence-missouri,FALSE
268,"Let me restate that inaction is not an option. The American people are watching. History will be our judge, and it will judge us harshly if we do not put our country first in this crisis.",mccain,2008,2008-09-23-corning-freeland-michigan,FALSE
269,"You know something about great change at the Clinton Global Initiative, because you are striving every day to bring it about. I thank each one of you for the good work you have done to relieve suffering across the earth, and to spread hope. I thank you for the even greater works that you seek to accomplish in the years to come, under the leadership of the man from Hope. And I thank you all for your kind attention here today.",mccain,2008,2008-09-25-york-city-0,FALSE
270,"I will fight to reform Wall Street and to protect the savings and pensions of the American people. I will make sure that Washington works for your interests, and not the special interests. I will fight to make it easier for small business owners everywhere to grow and hire. I will fight to make sure you can afford a home loan or a student loan or a small business loan. I will fight to make sure we create more jobs here at home and prosperity for all Americans.",mccain,2008,2008-09-16-tampa-florida-5,FALSE
271,"I would hope that all our leaders, all of them, can put aside short-term political goals and do what's in the best interest of the American people. Thank you.",mccain,2008,2008-09-29-des-moines-iowa,FALSE
272,"As President, I will bring enormous talent -- like these great leaders here -- from outside of Washington to shake up the government and get it working to promote economic growth and jobs for the American people. My team and I will take action to put an end to this economic crisis, restore confidence in our markets, get stock and home prices moving up again, grow businesses, create jobs and restore the great American dream.",mccain,2008,2008-10-27-economy-cleveland-ohio,FALSE
273,"We have passed through a difficult time, and more courage will be needed in the years ahead. But there is a direction to events, and the sacrifices of the present have not been in vain. We will build on our hard-won victories to extend the security of our nation and of every nation that seeks to live in freedom. We will not yield to intimidation, and by our strength we will prevent threats from turning into tragedies. This is America's work in the world, as it has always been in our finest moments. We are called still to spread liberty, to assure justice, to be the makers of peace. And this is the great work I will carry on as your president and commander in chief. Thank you very much.",mccain,2008,2008-10-30-meeting-tampa-florida,FALSE
274,"To the National Guardsmen who today will walk combat patrols in Iraq and Afghanistan, to those who will fly missions in support of our deployed forces, to those engaged back home in humanitarian efforts to relieve suffering, and to all of you who know what it means to stand the long night watches -- thank you. You understand both the value -- and the price -- of freedom. You are the best among us, and I pledge to you my undying fidelity to the cause of protecting America -- and to a National Guard that will always be ready, and always be there. Thank you.",mccain,2008,2008-09-30-association-baltimore-maryland,FALSE
275,"Senator Obama, the microphone is all yours.",mccain,2008,2008-10-16-york-city-0,FALSE
276,"Stand up, stand up, stand up and fight. America is worth fighting for. Nothing is inevitable here. We never give up. We never quit. We never hide from history. We make history. Now, let's go win this election and get this country moving again.""",mccain,2008,2008-11-03-miami-florida-3,FALSE
277,"That is exactly the wrong approach. I am going to create jobs and get our economy back on its feet. I am going to lead our nation to energy independence with new technologies here in Michigan and additional drilling here at home. As President, I am going to fight for the people and workers of Michigan, and bring this economy back.",mccain,2008,2008-09-17-lake-orion-michigan,FALSE
278,"You don't have to hope that things will change when you vote for me. You know things will change, because I have been fighting for change in Washington my whole career. I've been fighting for you my whole life. That's what I'm going to do as President of the United States. Fight for you and put the government back on the side of the people.",mccain,2008,2008-10-06-albquerque-new-mexico,FALSE
279,"So I am so grateful to all of you. Have many of you have already voted? Okay. So, now, how many of you will help us get somebody else to vote? That's what's going to make the difference. Change is coming. Let's make sure it's the right kind of change. The choice is yours. We're going to do everything we can to build a stronger, better, fairer America, coming together, healing the divides among us. And we're going to prove, once and for all, that love trumps Hate. Thank you.",clinton,2016,2016-10-30-wilton-manors-florida,FALSE
280,"And just look, if you will – look at the difference between your state, the Sunshine State, which has less solar energy than New Jersey has right now. And do you know why? Because you have a governor who has ordered the state government never to use the words 'climate change.' So my friends, this is a big deal in the election, and it is going to be a big deal for our country and our world. And there isn't anybody – there isn't anybody who knows more, has done more, has worked harder. I know he was in Miami just last year, training and educating people to be climate change activists. I can't wait to have Al Gore advising me when I am President of the United States. So please join me in welcoming our former vice president, a climate change leader and an all-around great guy, Al Gore.""",clinton,2016,2016-10-11-college-miami-florida,FALSE
281,"We have so many blessings. Now it's our job to deliver on those and to make sure every single person, and particularly every child, no matter who they are, what they look like, or who they love, is part of the American dream now and way into the future. Let that be our message. Let that be our mission. Please come out and help us fight, fight for you, fight for our children, fight for our families. Let's make America all that it should be. Thank you and God bless you!""",clinton,2016,2016-09-15-north-carolina-greensboro,FALSE
282,"So let's get out and vote, and let's vote for the kind of future that we want, the kind of country that we want. Find your early voting location for the next three days, please, go take people there. We will show once and for all, love trumps hate, thank you all.",clinton,2016,2016-11-03-winterville-north-carolina,FALSE
283,"Let's go out and win this election to make sure we do exactly that – for Roy Cooper, Deborah Ross, and all of us. Let's make sure you vote early. Vote as soon as you can, vote this afternoon. I'm excited about what we're going to see happen here in North Carolina, and I am so excited to be introducing our amazing First Lady Michelle Obama!",clinton,2016,2016-10-27-salem-north-carolina,FALSE
284,"Thank you all.""",clinton,2016,2016-10-22-school-pittsburgh-pennsylvania,FALSE
285,"Thank you all.""",clinton,2016,2016-10-31-park-cincinnati-ohio,FALSE
286,"Thank you all.""",clinton,2016,2016-09-21-center-orlando-florida,FALSE
287,"Thank you and God bless you!""",clinton,2016,2016-10-03-theater-akron-ohio,FALSE
288,"Thank you and God bless you!""",clinton,2016,2016-09-30-fort-pierce-florida,FALSE
289,"Secretary Clinton: No, I have nothing to say about Wikileaks, other than I think we should all be concerned about what the Russians are trying to do to our election and using Wikileaks very blatantly to try to influence the outcome of the election. I have no concerns about the first question whatsoever.""",clinton,2016,2016-10-22-plane-pittsburgh-pennsylvania,FALSE
290,"Thank you all very much.""",clinton,2016,2016-09-29-des-moines-iowa,FALSE
291,"Thank you, and may God bless you and the United States of America!",clinton,2016,2016-07-28-democratic-national-convention,FALSE
292,"And I promise you this. Together we're going to prove that we can make the future what it should be for all of you; that there is a positive, optimistic, confident America out there; that America's best days are ahead of us, not the dark and divisive vision of my opponent, but one in keeping with what I see as I travel across America – the energy, the dynamism, the entrepreneurial spirit of all Americans, but particularly young Americans. So please, join this campaign. Be part of it for the next 29 days. And together we will prove that we can have the future that we want and that yes, love trumps hate! Thank you, Ohio State!""",clinton,2016,2016-10-10-state-university-columbus,FALSE
293,"So let's come together, let us make clear that we are going to stand up for an America that we believe in because that America believes in us. And we are going to prove once and for all that love trumps hate. Thank you.",clinton,2016,2016-10-31-center-kent-ohio,FALSE
294,"So we have just over a week to register, and then early voting starts October 12th. Let's prove – let's prove – that the American dream is big enough for everyone to share in its promise. Let's prove that we're going to stand together, make the smart decisions that we get the economy going and growing for everybody, not just those at the top; that we will stand up against special privilege and special interest; that we will be ready after this election to have an agenda that will really make a difference here in Toledo and across Ohio. So I'm here asking for your help, asking for your work, asking for you to be part of this campaign, and then when we win on November 8, be part of changing our country for the better! Thank you all and God bless you!""",clinton,2016,2016-10-03-plaza-toledo-ohio,FALSE
295,"That is exactly right. I love this country. I'm proud of this country. I want to be a leader who brings people together in our country, sets those goals, gets about the business of achieving them, and proves once and for all that love trumps hate. Thank you!""",clinton,2016,2016-09-27-raleigh-north-carolina,FALSE
296,"So please join us in working together. There's no doubt in my mind that young people have more at stake in this election than any other age group. And when you turn out and vote this fall, we will be sending a message much larger than even the outcome. We will say we can build a future where all our children have the opportunity to live up to their God-given potential, no matter who they are, where they're from, what they look like, or who they love. That's the America we believe in. That's the America worth fighting for. That's what we've got to do to stand together. We are stronger together, and let's make sure love trumps hate. Thank you all!""",clinton,2016,2016-09-19-university-philadelphia-pennsylvania,FALSE
297,"So here's what I hope you will do. When you leave here, if somebody says, 'Where were you this afternoon?' you say, 'Oh, I went to a rally for Hillary Clinton.' If they say, 'Oh, that's great,"" get them registered. If they say, 'Oh, my gosh. How can you do that?' if they're seriously thinking about voting for my opponent, stage an intervention, really, because, remember, remember, friends don't let friends vote for Trump. And what we believe and what we're going to prove on November 8th is love trumps hate. Thank you all so much.""",clinton,2016,2016-09-30-coral-springs-florida,FALSE
298,"This is a historic, historic election and we're going to do everything we can, not only to win, but then immediately to get to work. And I especially invite anyone who wants to volunteer for the next 24 hours, go to hillaryclinton.com, text join, J-O-I-N to 4-7-2-4-6, stop by one of our offices. We would love to see you. Because when your kids and grandkids ask what you in the future what you did in 2016, when everything was on the line, you'll be able to say: you voted for a stronger, fairer, better America where we build bridges, not walls. And where we finally prove once and for all that, yes, love trumps hate. Thank you.",clinton,2016,2016-11-07-the-university-pittsburgh,FALSE
299,"Barbara Jordan famously said that a government is invigorated when each of us is willing to participate in shaping the future of this nation. So to everyone here tonight, please, keep doing what you're doing, but also help to register voters. Tell others about the clear choice in this election. In some states, early voting is nearly here, so we need to keep the pressure on. Let's send a loud and clear message once and for all: We are stronger together. And no matter what, remember this: Love trumps hate. Thank you all very much!""",clinton,2016,2016-09-18-caucus-washington-dc,FALSE
300,"And years from today, when your kids and grandkids ask what you did in 2016 when everything was on the line, you'll be able to say you voted for a stronger, fairer, better America, an America where we build bridges, not walls, and where we prove conclusively that yes, love trumps hate! Thank you! Let's go vote, North Carolina! God bless you! Thank you all very much!",clinton,2016,2016-11-07-state-university-raleigh,FALSE
301,Thank you all!,clinton,2016,2016-10-24-manchester-new-hampshire,FALSE
302,"So let's pull together, Pueblo, let's get out and vote for the kind of positive future we want for ourselves and our children. God bless you, thank you.""",clinton,2016,2016-10-12-state-fairgrounds-pueblo,FALSE
303,"So please make sure you come out and vote in this election. Thank you, all.""",clinton,2016,2016-09-28-new-hampshire-durham,FALSE
304,"All I'm asking you is talk to your friends, talk to your family, talk to your coworkers, talk to everybody. If you have time to volunteer, go to hillaryclinton.com to volunteer or text 'join,' J?o-i-n, to 47246. Because when your children – and there are some beautiful children in this crowd here today. When your children or grandchildren ask what you did in 2016 when everything was on the line, I want you to be able to say, 'I voted for a better, stronger, fairer America.' An America where we build bridges, not walls. And where we prove, once and for all, that love trumps hate. Let's get to work. Thank you. Thank you, Detroit. Thank you, Michigan. God bless you.",clinton,2016,2016-11-04-market-detroit-michigan,FALSE
305,"Finally, and most importantly, the foundation for a new prosperity will be a rededication to the constitutional rule of law. A vote for me is a vote for change, and a vote for me is really a vote for you. Together, we are going to make America great again.",trump,2016,2016-10-13-hotel-columbus-ohio,TRUE
306,We will make America strong again. We will make America safe again. And we are going to make America great again.,trump,2016,2016-10-11-panama-city-florida,TRUE
307,"Thank you very much, thank you everybody. God bless you, thank you.",trump,2016,2016-11-01-valley-forge-pennsylvania,FALSE
308,We will make America strong again. We will make America safe again. And we will make America great again.,trump,2016,2016-10-15-portsmouth-new-hampshire,TRUE
309,"Friends, citizens and fellow Americans: We will make America great again.",trump,2016,2016-08-23-arena-austin-texas,FALSE
310,"We will make America safe again. And we will make America great again. Thank you, and God Bless!",trump,2016,2016-10-03-center-pueblo-colorado,TRUE
311,We are going to make America strong again. We are going to make America safe again. And we are going to make America great again.,trump,2016,2016-10-04-prescott-valley-arizona,TRUE
312,We Will Make America Strong Again. We Will Make America Safe Again. And We Will Make America Great Again.,trump,2016,2016-10-29-center-phoenix-arizona,TRUE
313,"When we win on November 8th, We Are Going To Washington, D.C. And We Are Going To DRAIN THE SWAMP.",trump,2016,2016-10-29-center-golden-colorado,FALSE
314,"This is my pledge to the American People: as your president, I will be your single greatest champion. I will fight to ensure that every American is treated equally, protected equally and honored equally.",trump,2016,2016-08-15-university-youngstown-ohio,FALSE
315,"Today is just the beginning of a long and overdue national discussion of how to protect ourselves from modern cyber-crime and evolving national security threats, and how to develop the cyber offense strategies necessary to gain a critical security edge in the 21st century.",trump,2016,2016-10-03-center-loveland-colorado,FALSE
316,"We Will Make America Safe Again. And We Will Make America Great Again. Thank you, and God Bless.",trump,2016,2016-08-30-arena-everett-washington,TRUE
317,And we will make America great again.,trump,2016,2016-09-07-philadelphia-philadelphia-pennsylvania,FALSE
318,"We are ready to dream great things for our country once again. We are ready to show the world that America is Back—Bigger, and Better and Stronger Than Ever Before. Thank you, and God Bless You.",trump,2016,2016-08-08-economic-club-1,TRUE
319,"Thank you, everybody. God bless you. November 8th, go out and vote. November 8th. God bless you, everybody.",trump,2016,2016-10-18-colorado-springs-colorado,FALSE
320,"Thank you, and God Bless.",trump,2016,2016-08-16-west-bend-wisconsin,FALSE
321,"Get out and vote. God bless you, everybody. Thank you.",trump,2016,2016-11-02-amphitheater-miami-florida,FALSE
322,"Thank you. Thank you, New Hampshire.",trump,2016,2016-10-28-manchester-new-hampshire,FALSE
323,"We Will Make America Safe Again. And We Will Make America Great Again. God bless you, and good night! I love you!",trump,2016,2016-07-21-national-convention-cleveland,TRUE
324,"Thank you very much, everybody. Thank you. Thank you.",trump,2016,2016-08-05-green-bay-wisconsin,FALSE
325,"Thank you. Thank you very much, Michigan. Thank you.",trump,2016,2016-08-19-complex-dimondale-michigan,FALSE
326,"We will make America safe again. Friends and fellow citizens: Come November, we will make America great again. Thank You, and God Bless.",trump,2016,2016-08-18-charlotte-north-carolina,TRUE
327,Thank you. Get out and vote. Get out and vote. Thank you.,trump,2016,2016-11-02-fairgrounds-orlando-florida,FALSE
328,"Thank you, folks. Thank you.",trump,2016,2016-11-07-raleigh-north-carolina,FALSE
329,And We Will Make America Great Again.,trump,2016,2016-10-21-center-newtown-pennsylvania,FALSE
330,And We Will Make America Great Again.,trump,2016,2016-10-31-campus-warren-michigan,FALSE
331,And We Will Make America Great Again.,trump,2016,2016-10-23-fairgrounds-naples-florida,FALSE
332,"Our Independence Day is at hand, and it arrives, finally, on November 8th. Join me in taking back our country, and creating a bright and glorious new dawn for our people.",trump,2016,2016-10-13-palm-beach-florida,FALSE
333,"Thank you. I love you. God bless you, everybody. God bless you. God bless you, thank you.",trump,2016,2016-08-31-center-phoenix-arizona,FALSE
334,"Thank you and God bless you. Thank you, Mississippi. We love Mississippi. God bless you. Thank you.",trump,2016,2016-08-24-coliseum-jackson-mississippi,FALSE
335,"We can do this. We can reach for the next dream. We can look to the next horizon. For America, the hope is there. The sun is rising. Our best days are still to come. Thank you and God bless you.",kerry,2004,2004-08-12-remarks-carson-california,FALSE
336,"Thank you, God bless you, and God bless America. And now I'd be happy to take some of your questions.",kerry,2004,2004-10-16-school-xenia-ohio,FALSE
337,"Thank you, God bless you, and God bless the United States of America.",kerry,2004,2004-09-09-convention-new-orleans,FALSE
338,"Thank you, God bless you, and God bless the United States of America.",kerry,2004,2004-09-11-annual-legislative-conference,FALSE
339,"Thank you, God bless you, and God bless the United States of America.",kerry,2004,2004-10-14-people-las-vegas,FALSE
340,"Thank you, God bless you, and God bless the United States of America.",kerry,2004,2004-10-18-tampa-florida-7,FALSE
341,"Thank you, God bless you, and God bless the United States of America.",kerry,2004,2004-09-20-new-york-university,FALSE
342,"Thank you, God bless you, and God Bless America.",kerry,2004,2004-09-08-cincinnati-ohio-5,FALSE
343,"Thank you, God bless you, y que Dios bendiga a los Estados Unidos de America.",kerry,2004,2004-09-15-gala-washington-dc,FALSE
344,"Thank you, God bless you and God bless America.",kerry,2004,2004-09-24-temple-university-philadelphia,FALSE
345,"Thank you, God Bless you, and God Bless America.",kerry,2004,2004-09-15-economic-club-2,FALSE
346,"Thank you, God Bless you, and God Bless America.",kerry,2004,2004-10-02-orlando-florida-4,FALSE
347,"Thank you, God Bless you, and God Bless America.",kerry,2004,2004-10-21-columbus-ohio-9,FALSE
348,"Thank you, God Bless, and God bless America.",kerry,2004,2004-10-29-orlando-florida-2,FALSE
349,"Goodnight, God bless you, and God bless America.",kerry,2004,2004-07-29-national-convention-boston,FALSE
350,Thank you and God bless America.,kerry,2004,2004-10-11-fe-new-mexico,FALSE
351,"Give me the chance to make you proud. Give me the chance to lift our country up. And every day I'll look you in the eye and be able to say, ""I've got your back!"" Let's go out and make it happen! Thank you, God Bless, and God bless America.",kerry,2004,2004-10-27-sioux-city-iowa,FALSE
352,"This isn't going to be easy, but firefighters are no strangers to tough challenges. I know that working together, we can take back America for its heroes. We can reach for the next dream. We can look to the next horizon. For America, the hope is there. The sun is rising. Our best days are still to come. Thank you, God bless you, and God bless the United States of America.",kerry,2004,2004-08-19-fire-fighters-boston,FALSE
353,"So above all today, I thank you for all that you have done and all that you will do to help us become the America we were truly meant to be – the America whose best days are still to come. Thank you and now I will be happy to take questions...",kerry,2004,2004-08-05-conference-washington-dc,FALSE
354,"Lions of Judah, I salute you and thank you for all you do.",kerry,2004,2004-10-17-conference-washington-dc,FALSE
355,"Thank you, and God bless America",kerry,2004,2004-10-15-area-technical-college,FALSE
356,"Thank you, may God bless you, and may God bless America.",kerry,2004,2004-09-11-anniversary-commemoration-boston,FALSE
357,"And I think that's something worth fighting for. With your help — now and eight days from now — we will win this fight, and create the America of our ideals. Thank you — God bless you — and God bless America.",gore-jr,2000,2000-10-30-remarks-muskegon-michigan,TRUE
358,Thank you — God bless you — and let's win this fight!,gore-jr,2000,2000-09-29-chevy-chase-maryland,FALSE
359,Thank you — God bless you — and let's win in Florida!,gore-jr,2000,2000-11-01-remarks-kissimmee-florida,FALSE
360,Thank you. God bless you. God bless America.,gore-jr,2000,2000-08-17-national-convention-los,FALSE